#;Japanese H sections;;;;;;;;;;;;;;;;;;;;;;;;;;;;;;;;;;
#;;;;;;;;;;;;;;;;;;;;;;;;;;;;;;;;;;;
#;;;;;Depth;thickness;Upper Width;thickness;Lower Width;thickness;;Eccentricity;Eccentricity;Eccentricity;Position;Area;effective;effective;Second;Elastic;Elastic;Plastic;Radius;Second;Elastic;Plastic;Radius;Torsional;Elastic;;Imerfection;Imerfection;Imerfection;Type;"(*) 0:cold formed; 1: hot finished; 2: welded; 3: rolled;"
#;;;;;of;of;of;of upper;of;of lower;Root;in local;in local;in local;of;of;Vy shear;Vz shear;Moment;Modulus;Modulus;Modulus;of;Moment;Modulus;Modulus;of;Constant;Modulus;;value;value;value;of;
#;;;;;Section;Web;Section;Flange;Section;Flange;Radius;X-direction;Y-direction;Z-direction;Centroid;Section;Area ;Area ;of Area;upper;lower;;Gyration;of Area;;;Gyration;Inertia;Torsion;;f. buckling;f. buckling;f. lateral tors-;Product;
#;;;;;;;;;;;;;;;;;;;(strong axis);(strong axis);(strong axis);(strong axis);(strong axis);(weak axis);(weak axis);(weak axis);(weak axis);;;;(strong axis);(weak axis);ional buckling;(*);
#;country;family;name;shape;h;t_web;b_upper;t_upper;b_lower;t_lower;r;ex;ey;ez;zs;A;Ay;Az;Iy;Wy;;Wply;i_y;Iz;Wz;Wplz;i_z;It;Wt;Cw;alpha_y;alpha_z;alpha_LT;Product;
#;;;;;mm;mm;mm;mm;mm;mm;mm;cm;cm;cm;cm;cm2;cm2;cm2;cm4;cm3;;cm3;cm;cm4;cm3;cm3;cm;cm4;cm3;cm6;-;-;-;-;
;Japan;H;H 100 x 100 x 6 x 8;I;100;6;100;8;;;8;;;;5;21.59;16.55;5.04;378;75.6;;86.4;4.18;134;26.7;41;2.49;4.91;6.14;2820;0.34;0.49;0.34;3;
;Japan;H;H 125 x 125 x 6.5 x 9;I;125;6.5;125;9;;;8;;;;6.25;30;23.05;6.96;839;134;;152;5.29;293;46.9;71.7;3.13;8.1;9;9860;0.34;0.49;0.34;3;
;Japan;H;H 150 x 75 x 5 x 7;I;150;5;75;7;;;8;;;;7.5;17.85;11.05;6.8;666;88.8;;102;6.11;49.5;13.2;20.8;1.66;2.9;4.14;2520;0.21;0.34;0.34;3
;Japan;H;H 150 x 150 x 7 x 10;I;150;7;150;10;;;8;;;;7.5;39.65;30.55;9.1;1620;216;;243;6.4;563;75.1;114;3.77;12.7;12.7;27600;0.34;0.49;0.34;3
;Japan;H;H 175 x 175 x 7.5 x 11;I;175;7.5;175;11;;;13;;;;8.75;51.42;39.95;11.48;2900;331;;370;7.5;984;112;172;4.37;21.34;19.4;66100;0.34;0.49;0.34;3
;Japan;H;H 200 x 150 x 6 x 9;I;194;6;150;9;;;8;;;;9.7;38.11;27.55;10.56;2630;271;;301;8.3;507;67.6;103;3.65;9.42;10.47;43300;0.21;0.34;0.34;3
;Japan;H;H 200 x 100 x 4.5 x 7;I;198;4.5;99;7;;;8;;;;9.9;22.69;14.41;8.28;1540;156;;175;8.25;113;22.9;35.5;2.24;3.32;4.74;10300;0.21;0.34;0.34;3
;Japan;H;H 200 x 100 x 5.5 x 8;I;200;5.5;100;8;;;8;;;;10;26.67;16.55;10.12;1810;181;;205;8.23;134;26.7;41.6;2.24;5.17;6.46;12300;0.21;0.34;0.34;3
;Japan;H;H 200 x 200 x 8 x 12;I;200;8;200;12;;;13;;;;10;63.53;49.45;14.08;4720;472;;525;8.62;1600;160;244;5.02;30.16;25.13;141000;0.34;0.49;0.34;3
;Japan;H;H 250 x 125 x 5 x 8;I;248;5;124;8;;;8;;;;12.4;31.99;20.39;11.6;3450;278;;312;10.4;255;41.1;63.2;2.82;5.8;7.25;36600;0.21;0.34;0.34;3
;Japan;H;H 250 x 125 x 6 x 9;I;250;6;125;9;;;8;;;;12.5;36.97;23.05;13.92;3960;317;;358;10.4;294;47;72.7;2.82;8.61;9.57;42500;0.21;0.34;0.34;3
;Japan;H;H 250 x 250 x 9 x 14;I;250;9;250;14;;;13;;;;12.5;91.43;71.45;19.98;10700;860;;953;10.8;3650;292;443;6.32;56.24;40.17;508000;0.34;0.49;0.34;3
;Japan;H;H 300 x 200 x 8 x 12;I;294;8;200;12;;;13;;;;14.7;71.05;49.45;21.6;11100;756;;842;12.5;1600;160;245;4.75;31.8;26.5;318000;0.21;0.34;0.34;3
;Japan;H;H 300 x 150 x 5.5 x 8;I;298;5.5;149;8;;;13;;;;14.9;40.8;25.29;15.51;6320;424;;475;12.4;442;59.3;91.8;3.29;8.79;10.99;92700;0.21;0.34;0.34;3
;Japan;H;H 300 x 150 x 6.5 x 9;I;300;6.5;150;9;;;13;;;;15;46.78;28.45;18.33;7210;481;;542;12.4;508;67.7;105;3.29;12.73;14.14;107000;0.21;0.34;0.34;3
;Japan;H;H 300 x 300 x 10 x 15;I;300;10;300;15;;;13;;;;15;118.5;91.5;27;20200;1350;;1480;13.1;6750;450;683;7.55;82.87;55.25;1370000;0.34;0.49;0.34;3
;Japan;H;H 350 x 350 x 10 x 16;I;344;10;348;16;;;13;;;;17.2;144;112.8;31.2;32800;1910;;2090;15.1;11240;646;978;8.84;111.6;69.75;3020000;0.34;0.49;0.34;3
;Japan;H;H 350 x 175 x 6 x 9;I;346;6;174;9;;;13;;;;17.3;52.45;32.77;19.68;11000;638;;712;14.5;791;91;140;3.88;13.28;14.76;224000;0.21;0.34;0.34;3
;Japan;H;H 350 x 175 x 7 x 11;I;350;7;175;11;;;13;;;;17.5;62.91;39.95;22.96;13500;771;;864;14.6;984;112;173;3.96;22.47;20.43;282000;0.21;0.34;0.34;3
;Japan;H;H 350 x 350 x 12 x 19;I;350;12;350;19;;;13;;;;17.5;171.9;134.46;37.44;39800;2280;;2520;15.2;13600;776;1180;8.89;186.9;98.37;3720000;0.34;0.49;0.34;3
;Japan;H;H 400 x 300 x 10 x 16;I;390;10;300;16;;;13;;;;19.5;133.2;97.4;35.8;37900;1940;;2140;16.9;7200;480;730;7.35;100;62.5;2520000;0.21;0.34;0.34;3
;Japan;H;H 400 x 200 x 7 x 11;I;396;7;199;11;;;13;;;;19.8;71.41;45.23;26.18;19800;999;;1110;16.6;1450;145;223;4.5;25.12;22.84;535000;0.21;0.34;0.34;3
;Japan;H;H 400 x 200 x 8 x 13;I;400;8;200;13;;;13;;;;20;83.37;53.45;29.92;23500;1170;;1310;16.8;1740;174;267;4.56;39.7;30.54;649000;0.21;0.34;0.34;3
;Japan;H;H 400 x 400 x 13 x 21;I;400;13;400;21;;;22;;;;20;218.7;172.16;46.54;66600;3330;;3670;17.5;22400;1120;1700;10.1;303.9;144.71;8040000;0.34;0.49;0.34;3
;Japan;H;H 400 x 400 x 21 x 21;I;400;21;408;21;;;22;;;;20;250.7;175.52;75.18;70900;3540;;3990;16.8;23800;1170;1800;9.75;450.4;214.48;8540000;0.34;0.49;0.34;3
;Japan;H;H 400 x 400 x 18 x 28;I;414;18;405;28;;;22;;;;20.7;295.4;230.96;64.44;92800;4480;;5030;17.7;31000;1530;2330;10.2;720;257.14;11500000;0.34;0.49;0.34;3
;Japan;H;H 400 x 400 x 20 x 35;I;428;20;407;35;;;22;;;;21.4;360.7;289.1;71.6;119000;5570;;6310;18.2;39400;1930;2940;10.4;1320;377.14;15200000;0.34;0.49;0.34;3
;Japan;H;H 400 x 400 x 30 x 50;I;458;30;417;50;;;22;;;;22.9;528.6;421.2;107.4;187000;8170;;9540;18.8;60500;2900;4440;10.7;3930;786;25100000;0.34;0.49;0.34;3
;Japan;H;H 500 x 300 x 11 x 15;I;482;11;300;15;;;13;;;;24.1;141.2;91.48;49.72;58300;2420;;2700;20.3;6760;450;690;6.92;95.52;63.68;3680000;0.21;0.34;0.34;3
;Japan;H;H 500 x 300 x 11 x 18;I;488;11;300;18;;;13;;;;24.4;159.2;109.48;49.72;68900;2820;;3130;20.8;8110;540;825;7.14;144;80;4470000;0.21;0.34;0.34;3
;Japan;H;H 500 x 200 x 9 x 14;I;496;9;199;14;;;13;;;;24.8;99.29;57.17;42.12;40800;1650;;1870;20.3;1840;185;288;4.31;52.89;37.78;1070000;0.21;0.34;0.49;3
;Japan;H;H 500 x 200 x 10 x 16;I;500;10;200;16;;;13;;;;25;112.2;65.4;46.8;46800;1870;;2130;20.4;2140;214;333;4.36;76.4;47.75;1250000;0.21;0.34;0.49;3
;Japan;H;H 600 x 300 x 12 x 17;I;582;12;300;17;;;13;;;;29.1;169.2;103.44;65.76;98900;3400;;3820;24.2;7660;511;786;6.73;139.3;81.94;6110000;0.21;0.34;0.34;3
;Japan;H;H 600 x 300 x 12 x 20;I;588;12;300;20;;;13;;;;29.4;187.2;121.44;65.76;114000;3890;;4350;24.7;9010;601;921;6.94;200;100;7260000;0.21;0.34;0.34;3
;Japan;H;H 600 x 300 x 14 x 23;I;594;14;302;23;;;13;;;;29.7;217.1;140.38;76.72;134000;4500;;5060;24.8;10600;700;1080;6.98;306;133.04;8610000;0.21;0.34;0.34;3;
;Japan;H;H 700 x 300 x 13 x 20;I;692;13;300;20;;;18;;;;34.6;207.5;122.74;84.76;168000;4870;;5500;28.5;9020;601;930;6.59;228.2;114.1;10200000;0.21;0.34;0.49;3;
;Japan;H;H 700 x 300 x 13 x 24;I;700;13;300;24;;;18;;;;35;231.5;146.74;84.76;197000;5640;;6340;29.2;10800;721;1110;6.83;342.2;142.58;12300000;0.21;0.34;0.49;3;
;Japan;H;H 800 x 300 x 14 x 22;I;792;14;300;22;;;18;;;;39.6;239.5;134.78;104.72;248000;6270;;7140;32.2;9920;661;1030;6.44;304.9;138.59;14700000;0.21;0.34;0.49;3;
;Japan;H;H 800 x 300 x 14 x 26;I;800;14;300;26;;;18;;;;40;263.5;158.78;104.72;286000;7160;;8100;33;11700;781;1210;6.67;439.8;169.15;17500000;0.21;0.34;0.49;3;
;Japan;H;H 900 x 300 x 15 x 23;I;890;15;299;23;;;18;;;;44.5;266.9;140.3;126.6;339000;7610;;8750;35.6;10300;687;1080;6.2;364.7;158.57;19300000;0.21;0.34;0.49;3;
;Japan;H;H 900 x 300 x 16 x 28;I;900;16;300;28;;;18;;;;45;305.8;170.76;135.04;404000;8990;;10300;36.4;12600;842;1320;6.43;581.4;207.64;24000000;0.21;0.34;0.49;3;
;Japan;H;H 900 x 300 x 18 x 34;I;912;18;302;34;;;18;;;;45.6;360.1;208.18;151.92;491000;10800;;12300;36.9;15700;1040;1620;6.59;980.8;288.47;30100000;0.21;0.34;0.49;3;
#;;;;;Depth;thickness;Upper Width;thickness;Lower Width;thickness;;Eccentricity;Eccentricity;Eccentricity;Position;Area;effective;effective;Second;Elastic;Elastic;Plastic;Radius;Second;Elastic;Plastic;Radius;Torsional;Elastic;;Imerfection;Imerfection;Imerfection;Type;(*) 0:cold formed; 1: hot finished; 2: welded; 3: rolled;
#;;;;;of;of;of;of upper;of;of lower;Root;in local;in local;in local;of;of;Vy shear;Vz shear;Moment;Modulus;Modulus;Modulus;of;Moment;Modulus;Modulus;of;Constant;Modulus;;value;value;value;of;
#;;;;;Section;Web;Section;Flange;Section;Flange;Radius;X-direction;Y-direction;Z-direction;Centroid;Section;Area ;Area ;of Area;upper;lower;;Gyration;of Area;;;Gyration;Inertia;Torsion;;f. buckling;f. buckling;f. lateral tors-;Product;
#;;;;;;;;;;;;;;;;;;;(strong axis);(strong axis);(strong axis);(strong axis);(strong axis);(weak axis);(weak axis);(weak axis);(weak axis);;;;(strong axis);(weak axis);ional buckling;(*);
#;country;family;name;shape;h;t_web;b_upper;t_upper;b_lower;t_lower;r;ex;ey;ez;zs;A;Ay;Az;Iy;Wy;;Wply;i_y;Iz;Wz;Wplz;i_z;It;Wt;Cw;alpha_y;alpha_z;alpha_LT;Product;
#;;;;;mm;mm;mm;mm;mm;mm;mm;cm;cm;cm;cm;cm2;cm2;cm2;cm4;cm3;;cm3;cm;cm4;cm3;cm3;cm;cm4;cm3;cm6;-;-;-;-;
#;;;;;mm;mm;mm;mm;mm;mm;mm;cm;cm;cm;cm;cm2;cm2;cm2;cm4;cm3;;cm3;cm;cm4;cm3;cm3;cm;cm4;cm3;cm6;-;-;-;-;;;;;;;;;;
;Japan;SH;H 400 x 200 x 9 x 12;I;400 ;9 ;200 ;12 ;;;13 ;;;;20 ;83 ;48 ;35 ;22600 ;1130 ;;1280 ;17 ;1600 ;160 ;249 ;4 ;32 ;27 ;602176 ;;;;3 ;;;;;;;;;;
;Japan;SH;H 400 x 200 x 9 x 16;I;400 ;9 ;200 ;16 ;;;13 ;;;;20 ;99 ;64 ;35 ;27800 ;1390 ;;1560 ;17 ;2140 ;214 ;329 ;5 ;64 ;40 ;786432 ;;;;3 ;;;;;;;;;;
;Japan;SH;H 400 x 200 x 9 x 19;I;400 ;9 ;200 ;19 ;;;13 ;;;;20 ;110 ;76 ;34 ;31600 ;1580 ;;1770 ;17 ;2540 ;254 ;388 ;5 ;100 ;53 ;919353 ;;;;3 ;;;;;;;;;;
;Japan;SH;H 400 x 200 x 9 x 22;I;400 ;9 ;200 ;22 ;;;13 ;;;;20 ;122 ;88 ;34 ;35300 ;1760 ;;1970 ;17 ;2940 ;294 ;448 ;5 ;151 ;68 ;1047816 ;;;;3 ;;;;;;;;;;
;Japan;SH;H 400 x 200 x 12 x 22;I;400 ;12 ;200 ;22 ;;;13 ;;;;20 ;132 ;88 ;44 ;36400 ;1820 ;;2070 ;17 ;2940 ;294 ;454 ;5 ;162 ;74 ;1047816 ;;;;3 ;;;;;;;;;;
;Japan;SH;H 450 x 200 x 9 x 12;I;450 ;9 ;200 ;12 ;;;13 ;;;;23 ;88 ;48 ;40 ;29500 ;1310 ;;1490 ;18 ;1600 ;160 ;250 ;4 ;33 ;28 ;767376 ;;;;3 ;;;;;;;;;;
;Japan;SH;H 450 x 200 x 9 x 16;I;450 ;9 ;200 ;16 ;;;13 ;;;;23 ;103 ;64 ;39 ;36200 ;1610 ;;1810 ;19 ;2140 ;214 ;330 ;5 ;65 ;40 ;1004565 ;;;;3 ;;;;;;;;;;
;Japan;SH;H 450 x 200 x 9 x 19;I;450 ;9 ;200 ;19 ;;;13 ;;;;23 ;115 ;76 ;39 ;41200 ;1830 ;;2050 ;19 ;2540 ;254 ;389 ;5 ;101 ;53 ;1176486 ;;;;3 ;;;;;;;;;;
;Japan;SH;H 450 x 200 x 9 x 22;I;450 ;9 ;200 ;22 ;;;13 ;;;;23 ;126 ;88 ;38 ;45900 ;2040 ;;2280 ;19 ;2940 ;294 ;449 ;5 ;152 ;69 ;1343349 ;;;;3 ;;;;;;;;;;
;Japan;SH;H 450 x 200 x 12 x 19;I;450 ;12 ;200 ;19 ;;;13 ;;;;23 ;127 ;76 ;51 ;42900 ;1910 ;;2180 ;18 ;2540 ;254 ;396 ;4 ;115 ;61 ;1176486 ;;;;3 ;;;;;;;;;;
;Japan;SH;H 450 x 200 x 12 x 22;I;450 ;12 ;200 ;22 ;;;13 ;;;;23 ;138 ;88 ;50 ;47600 ;2120 ;;2410 ;19 ;2940 ;294 ;456 ;5 ;165 ;75 ;1343349 ;;;;3 ;;;;;;;;;;
;Japan;SH;H 450 x 200 x 12 x 25;I;450 ;12 ;200 ;25 ;;;13 ;;;;23 ;150 ;100 ;50 ;52200 ;2320 ;;2630 ;19 ;3340 ;334 ;516 ;5 ;231 ;93 ;1505208 ;;;;3 ;;;;;;;;;;
;Japan;SH;H 450 x 250 x 9 x 16;I;450 ;9 ;250 ;16 ;;;13 ;;;;23 ;119 ;80 ;39 ;43800 ;1950 ;;2160 ;19 ;4170 ;334 ;510 ;6 ;78 ;49 ;1962042 ;;;;3 ;;;;;;;;;;
;Japan;SH;H 450 x 250 x 9 x 19;I;450 ;9 ;250 ;19 ;;;13 ;;;;23 ;134 ;95 ;39 ;50000 ;2220 ;;2460 ;19 ;4950 ;396 ;603 ;6 ;124 ;65 ;2297825 ;;;;3 ;;;;;;;;;;
;Japan;SH;H 450 x 250 x 9 x 22;I;450 ;9 ;250 ;22 ;;;13 ;;;;23 ;148 ;110 ;38 ;56000 ;2490 ;;2750 ;20 ;5730 ;459 ;697 ;6 ;187 ;85 ;2623729 ;;;;3 ;;;;;;;;;;
;Japan;SH;H 450 x 250 x 12 x 22;I;450 ;12 ;250 ;22 ;;;13 ;;;;23 ;160 ;110 ;50 ;57700 ;2560 ;;2880 ;19 ;5740 ;459 ;703 ;6 ;201 ;91 ;2623729 ;;;;3 ;;;;;;;;;;
;Japan;SH;H 450 x 250 x 12 x 25;I;450 ;12 ;250 ;25 ;;;13 ;;;;23 ;175 ;125 ;50 ;63500 ;2820 ;;3160 ;19 ;6520 ;521 ;797 ;6 ;283 ;113 ;2939860 ;;;;3 ;;;;;;;;;;
;Japan;SH;H 450 x 250 x 12 x 28;I;450 ;12 ;250 ;28 ;;;13 ;;;;23 ;189 ;140 ;49 ;69100 ;3070 ;;3450 ;19 ;7300 ;584 ;890 ;6 ;389 ;139 ;3246323 ;;;;3 ;;;;;;;;;;
;Japan;SH;H 500 x 200 x 9 x 12;I;500 ;9 ;200 ;12 ;;;13 ;;;;25 ;92 ;48 ;44 ;37500 ;1500 ;;1720 ;20 ;1600 ;160 ;251 ;4 ;35 ;29 ;952576 ;;;;3 ;;;;;;;;;;
;Japan;SH;H 500 x 200 x 9 x 16;I;500 ;9 ;200 ;16 ;;;13 ;;;;25 ;108 ;64 ;44 ;46000 ;1840 ;;2080 ;21 ;2140 ;214 ;331 ;4 ;66 ;41 ;1249365 ;;;;3 ;;;;;;;;;;
;Japan;SH;H 500 x 200 x 9 x 19;I;500 ;9 ;200 ;19 ;;;13 ;;;;25 ;119 ;76 ;43 ;52100 ;2090 ;;2340 ;21 ;2540 ;254 ;390 ;5 ;103 ;54 ;1465286 ;;;;3 ;;;;;;;;;;
;Japan;SH;H 500 x 200 x 9 x 22;I;500 ;9 ;200 ;22 ;;;13 ;;;;25 ;131 ;88 ;43 ;58100 ;2330 ;;2600 ;21 ;2940 ;294 ;450 ;5 ;153 ;70 ;1675549 ;;;;3 ;;;;;;;;;;
;Japan;SH;H 500 x 200 x 12 x 19;I;500 ;12 ;200 ;19 ;;;13 ;;;;25 ;133 ;76 ;57 ;54600 ;2180 ;;2500 ;20 ;2540 ;254 ;398 ;4 ;118 ;62 ;1465286 ;;;;3 ;;;;;;;;;;
;Japan;SH;H 500 x 200 x 12 x 22;I;500 ;12 ;200 ;22 ;;;13 ;;;;25 ;144 ;88 ;56 ;60500 ;2420 ;;2760 ;21 ;2940 ;294 ;458 ;5 ;168 ;76 ;1675549 ;;;;3 ;;;;;;;;;;
;Japan;SH;H 500 x 200 x 12 x 25;I;500 ;12 ;200 ;25 ;;;13 ;;;;25 ;156 ;100 ;56 ;66300 ;2650 ;;3010 ;21 ;3340 ;334 ;517 ;5 ;234 ;94 ;1880208 ;;;;3 ;;;;;;;;;;
;Japan;SH;H 500 x 250 x 9 x 16;I;500 ;9 ;250 ;16 ;;;13 ;;;;25 ;124 ;80 ;44 ;55300 ;2210 ;;2460 ;21 ;4170 ;334 ;511 ;6 ;80 ;50 ;2440167 ;;;;3 ;;;;;;;;;;
;Japan;SH;H 500 x 250 x 9 x 19;I;500 ;9 ;250 ;19 ;;;13 ;;;;25 ;138 ;95 ;43 ;63100 ;2530 ;;2800 ;21 ;4950 ;396 ;604 ;6 ;126 ;66 ;2861887 ;;;;3 ;;;;;;;;;;
;Japan;SH;H 500 x 250 x 9 x 22;I;500 ;9 ;250 ;22 ;;;13 ;;;;25 ;153 ;110 ;43 ;70700 ;2830 ;;3130 ;22 ;5730 ;459 ;698 ;6 ;189 ;86 ;3272557 ;;;;3 ;;;;;;;;;;
;Japan;SH;H 500 x 250 x 12 x 22;I;500 ;12 ;250 ;22 ;;;13 ;;;;25 ;166 ;110 ;56 ;73100 ;2920 ;;3290 ;21 ;5740 ;459 ;705 ;6 ;204 ;93 ;3272557 ;;;;3 ;;;;;;;;;;
;Japan;SH;H 500 x 250 x 12 x 25;I;500 ;12 ;250 ;25 ;;;13 ;;;;25 ;181 ;125 ;56 ;80400 ;3220 ;;3610 ;21 ;6520 ;521 ;799 ;6 ;286 ;115 ;3672282 ;;;;3 ;;;;;;;;;;
;Japan;SH;H 500 x 250 x 12 x 28;I;500 ;12 ;250 ;28 ;;;13 ;;;;25 ;195 ;140 ;55 ;87500 ;3500 ;;3930 ;21 ;7300 ;584 ;892 ;6 ;391 ;140 ;4061167 ;;;;3 ;;;;;;;;;;
;Japan;SH;H 500 x 300 x 12 x 16;I;500 ;12 ;300 ;16 ;;;13 ;;;;25 ;154 ;96 ;58 ;67300 ;2690 ;;3010 ;21 ;7210 ;481 ;738 ;7 ;109 ;68 ;4216608 ;;;;3 ;;;;;;;;;;
;Japan;SH;H 500 x 300 x 12 x 19;I;500 ;12 ;300 ;19 ;;;13 ;;;;25 ;171 ;114 ;57 ;76600 ;3060 ;;3420 ;21 ;8560 ;571 ;873 ;7 ;164 ;86 ;4945341 ;;;;3 ;;;;;;;;;;
;Japan;SH;H 500 x 300 x 12 x 22;I;500 ;12 ;300 ;22 ;;;13 ;;;;25 ;188 ;132 ;56 ;85700 ;3430 ;;3810 ;21 ;9910 ;661 ;1010 ;7 ;239 ;109 ;5654979 ;;;;3 ;;;;;;;;;;
;Japan;SH;H 500 x 300 x 12 x 25;I;500 ;12 ;300 ;25 ;;;13 ;;;;25 ;206 ;150 ;56 ;94500 ;3780 ;;4200 ;21 ;11300 ;751 ;1140 ;7 ;338 ;135 ;6345703 ;;;;3 ;;;;;;;;;;
;Japan;SH;H 500 x 300 x 16 x 22;I;500 ;16 ;300 ;22 ;;;13 ;;;;25 ;206 ;132 ;74 ;88800 ;3550 ;;4020 ;21 ;9920 ;661 ;1020 ;7 ;275 ;125 ;5654979 ;;;;3 ;;;;;;;;;;
;Japan;SH;H 500 x 300 x 16 x 25;I;500 ;16 ;300 ;25 ;;;13 ;;;;25 ;224 ;150 ;74 ;97600 ;3900 ;;4400 ;21 ;11300 ;751 ;1160 ;7 ;374 ;150 ;6345703 ;;;;3 ;;;;;;;;;;
;Japan;SH;H 500 x 300 x 16 x 28;I;500 ;16 ;300 ;28 ;;;13 ;;;;25 ;241 ;168 ;73 ;106000 ;4240 ;;4790 ;21 ;12600 ;841 ;1290 ;7 ;500 ;178 ;7017696 ;;;;3 ;;;;;;;;;;
;Japan;SH;H 500 x 300 x 16 x 32;I;500 ;16 ;300 ;32 ;;;13 ;;;;25 ;263 ;192 ;71 ;117000 ;4680 ;;5280 ;21 ;14400 ;961 ;1470 ;7 ;715 ;223 ;7884864 ;;;;3 ;;;;;;;;;;
;Japan;SH;H 550 x 200 x 9 x 12;I;550 ;9 ;200 ;12 ;;;13 ;;;;28 ;97 ;48 ;49 ;46600 ;1700 ;;1950 ;22 ;1600 ;160 ;252 ;4 ;36 ;30 ;1157776 ;;;;3 ;;;;;;;;;;
;Japan;SH;H 550 x 200 x 9 x 16;I;550 ;9 ;200 ;16 ;;;13 ;;;;28 ;112 ;64 ;48 ;57000 ;2070 ;;2350 ;23 ;2140 ;214 ;332 ;4 ;67 ;42 ;1520832 ;;;;3 ;;;;;;;;;;
;Japan;SH;H 550 x 200 x 9 x 19;I;550 ;9 ;200 ;19 ;;;13 ;;;;28 ;124 ;76 ;48 ;64600 ;2350 ;;2640 ;23 ;2540 ;254 ;391 ;5 ;104 ;55 ;1785753 ;;;;3 ;;;;;;;;;;
;Japan;SH;H 550 x 200 x 9 x 22;I;550 ;9 ;200 ;22 ;;;13 ;;;;28 ;135 ;88 ;47 ;72000 ;2620 ;;2940 ;23 ;2940 ;294 ;451 ;5 ;154 ;70 ;2044416 ;;;;3 ;;;;;;;;;;
;Japan;SH;H 550 x 200 x 12 x 19;I;550 ;12 ;200 ;19 ;;;13 ;;;;28 ;139 ;76 ;63 ;67900 ;2470 ;;2840 ;22 ;2540 ;254 ;400 ;4 ;121 ;64 ;1785753 ;;;;3 ;;;;;;;;;;
;Japan;SH;H 550 x 200 x 12 x 22;I;550 ;12 ;200 ;22 ;;;13 ;;;;28 ;150 ;88 ;62 ;75200 ;2740 ;;3130 ;22 ;2940 ;294 ;460 ;4 ;171 ;78 ;2044416 ;;;;3 ;;;;;;;;;;
;Japan;SH;H 550 x 200 x 12 x 25;I;550 ;12 ;200 ;25 ;;;13 ;;;;28 ;162 ;100 ;62 ;82300 ;2990 ;;3410 ;23 ;3340 ;334 ;519 ;5 ;237 ;95 ;2296875 ;;;;3 ;;;;;;;;;;
;Japan;SH;H 550 x 250 x 9 x 16;I;550 ;9 ;250 ;16 ;;;13 ;;;;28 ;128 ;80 ;48 ;68400 ;2490 ;;2780 ;23 ;4170 ;334 ;512 ;6 ;81 ;51 ;2970375 ;;;;3 ;;;;;;;;;;
;Japan;SH;H 550 x 250 x 9 x 19;I;550 ;9 ;250 ;19 ;;;13 ;;;;28 ;143 ;95 ;48 ;78000 ;2840 ;;3150 ;23 ;4950 ;396 ;605 ;6 ;127 ;67 ;3487799 ;;;;3 ;;;;;;;;;;
;Japan;SH;H 550 x 250 x 9 x 22;I;550 ;9 ;250 ;22 ;;;13 ;;;;28 ;157 ;110 ;47 ;87300 ;3180 ;;3520 ;24 ;5730 ;459 ;699 ;6 ;190 ;86 ;3993000 ;;;;3 ;;;;;;;;;;
;Japan;SH;H 550 x 250 x 12 x 22;I;550 ;12 ;250 ;22 ;;;13 ;;;;28 ;172 ;110 ;62 ;90600 ;3290 ;;3710 ;23 ;5740 ;459 ;707 ;6 ;207 ;94 ;3993000 ;;;;3 ;;;;;;;;;;
;Japan;SH;H 550 x 250 x 12 x 25;I;550 ;12 ;250 ;25 ;;;13 ;;;;28 ;187 ;125 ;62 ;99600 ;3620 ;;4070 ;23 ;6520 ;522 ;801 ;6 ;289 ;116 ;4486084 ;;;;3 ;;;;;;;;;;
;Japan;SH;H 550 x 250 x 12 x 28;I;550 ;12 ;250 ;28 ;;;13 ;;;;28 ;201 ;140 ;61 ;108000 ;3940 ;;4420 ;23 ;7300 ;584 ;894 ;6 ;394 ;141 ;4967156 ;;;;3 ;;;;;;;;;;
;Japan;SH;H 550 x 300 x 12 x 16;I;550 ;12 ;300 ;16 ;;;13 ;;;;28 ;160 ;96 ;64 ;83300 ;3030 ;;3410 ;23 ;7210 ;481 ;740 ;7 ;112 ;70 ;5132808 ;;;;3 ;;;;;;;;;;
;Japan;SH;H 550 x 300 x 12 x 19;I;550 ;12 ;300 ;19 ;;;13 ;;;;28 ;177 ;114 ;63 ;94700 ;3450 ;;3850 ;23 ;8560 ;571 ;875 ;7 ;167 ;88 ;6026916 ;;;;3 ;;;;;;;;;;
;Japan;SH;H 550 x 300 x 12 x 22;I;550 ;12 ;300 ;22 ;;;13 ;;;;28 ;194 ;132 ;62 ;106000 ;3850 ;;4290 ;23 ;9910 ;661 ;1010 ;7 ;242 ;110 ;6899904 ;;;;3 ;;;;;;;;;;
;Japan;SH;H 550 x 300 x 12 x 25;I;550 ;12 ;300 ;25 ;;;13 ;;;;28 ;212 ;150 ;62 ;117000 ;4250 ;;4720 ;24 ;11300 ;751 ;1140 ;7 ;341 ;137 ;7751953 ;;;;3 ;;;;;;;;;;
;Japan;SH;H 550 x 300 x 16 x 22;I;550 ;16 ;300 ;22 ;;;13 ;;;;28 ;214 ;132 ;82 ;110000 ;4010 ;;4550 ;23 ;9920 ;661 ;1020 ;7 ;282 ;128 ;6899904 ;;;;3 ;;;;;;;;;;
;Japan;SH;H 550 x 300 x 16 x 25;I;550 ;16 ;300 ;25 ;;;13 ;;;;28 ;232 ;150 ;82 ;121000 ;4400 ;;4970 ;23 ;11300 ;751 ;1160 ;7 ;381 ;152 ;7751953 ;;;;3 ;;;;;;;;;;
;Japan;SH;H 550 x 300 x 16 x 28;I;550 ;16 ;300 ;28 ;;;13 ;;;;28 ;249 ;168 ;81 ;131000 ;4780 ;;5400 ;23 ;12600 ;841 ;1290 ;7 ;506 ;181 ;8583246 ;;;;3 ;;;;;;;;;;
;Japan;SH;H 600 x 200 x 9 x 12;I;600 ;9 ;200 ;12 ;;;13 ;;;;30 ;101 ;48 ;53 ;57000 ;1900 ;;2200 ;24 ;1600 ;160 ;253 ;4 ;37 ;31 ;1382976 ;;;;3 ;;;;;;;;;;
;Japan;SH;H 600 x 200 x 9 x 16;I;600 ;9 ;200 ;16 ;;;13 ;;;;30 ;117 ;64 ;53 ;69500 ;2320 ;;2640 ;24 ;2140 ;214 ;333 ;4 ;68 ;43 ;1818965 ;;;;3 ;;;;;;;;;;
;Japan;SH;H 600 x 200 x 9 x 19;I;600 ;9 ;200 ;19 ;;;13 ;;;;30 ;128 ;76 ;52 ;78600 ;2620 ;;2960 ;25 ;2540 ;254 ;392 ;4 ;105 ;55 ;2137886 ;;;;3 ;;;;;;;;;;
;Japan;SH;H 600 x 200 x 9 x 22;I;600 ;9 ;200 ;22 ;;;13 ;;;;30 ;140 ;88 ;52 ;87500 ;2920 ;;3280 ;25 ;2940 ;294 ;452 ;5 ;155 ;71 ;2449949 ;;;;3 ;;;;;;;;;;
;Japan;SH;H 600 x 200 x 12 x 16;I;600 ;12 ;200 ;16 ;;;13 ;;;;30 ;134 ;64 ;70 ;74100 ;2470 ;;2880 ;24 ;2140 ;214 ;342 ;4 ;87 ;55 ;1818965 ;;;;3 ;;;;;;;;;;
;Japan;SH;H 600 x 200 x 12 x 19;I;600 ;12 ;200 ;19 ;;;13 ;;;;30 ;145 ;76 ;69 ;83000 ;2770 ;;3200 ;24 ;2540 ;254 ;402 ;4 ;124 ;65 ;2137886 ;;;;3 ;;;;;;;;;;
;Japan;SH;H 600 x 200 x 12 x 22;I;600 ;12 ;200 ;22 ;;;13 ;;;;30 ;156 ;88 ;68 ;91800 ;3060 ;;3510 ;24 ;2940 ;294 ;461 ;4 ;174 ;79 ;2449949 ;;;;3 ;;;;;;;;;;
;Japan;SH;H 600 x 200 x 12 x 25;I;600 ;12 ;200 ;25 ;;;13 ;;;;30 ;168 ;100 ;68 ;100000 ;3350 ;;3820 ;25 ;3340 ;334 ;521 ;4 ;240 ;96 ;2755208 ;;;;3 ;;;;;;;;;;
;Japan;SH;H 600 x 200 x 12 x 28;I;600 ;12 ;200 ;28 ;;;13 ;;;;30 ;179 ;112 ;67 ;109000 ;3630 ;;4130 ;25 ;3740 ;374 ;581 ;5 ;324 ;116 ;3053717 ;;;;3 ;;;;;;;;;;
;Japan;SH;H 600 x 250 x 9 x 16;I;600 ;9 ;250 ;16 ;;;13 ;;;;30 ;133 ;80 ;53 ;83100 ;2770 ;;3100 ;25 ;4170 ;334 ;513 ;6 ;82 ;51 ;3552667 ;;;;3 ;;;;;;;;;;
;Japan;SH;H 600 x 250 x 9 x 19;I;600 ;9 ;250 ;19 ;;;13 ;;;;30 ;147 ;95 ;52 ;94600 ;3150 ;;3510 ;25 ;4950 ;396 ;606 ;6 ;128 ;67 ;4175559 ;;;;3 ;;;;;;;;;;
;Japan;SH;H 600 x 250 x 12 x 19;I;600 ;12 ;250 ;19 ;;;13 ;;;;30 ;164 ;95 ;69 ;99100 ;3300 ;;3750 ;25 ;4960 ;397 ;615 ;6 ;147 ;77 ;4175559 ;;;;3 ;;;;;;;;;;
;Japan;SH;H 600 x 250 x 12 x 22;I;600 ;12 ;250 ;22 ;;;13 ;;;;30 ;178 ;110 ;68 ;110000 ;3670 ;;4150 ;25 ;5740 ;459 ;709 ;6 ;209 ;95 ;4785057 ;;;;3 ;;;;;;;;;;
;Japan;SH;H 600 x 250 x 12 x 25;I;600 ;12 ;250 ;25 ;;;13 ;;;;30 ;193 ;125 ;68 ;121000 ;4040 ;;4540 ;25 ;6520 ;522 ;802 ;6 ;292 ;117 ;5381266 ;;;;3 ;;;;;;;;;;
;Japan;SH;H 600 x 250 x 12 x 28;I;600 ;12 ;250 ;28 ;;;13 ;;;;30 ;207 ;140 ;67 ;132000 ;4390 ;;4930 ;25 ;7300 ;584 ;896 ;6 ;397 ;142 ;5964292 ;;;;3 ;;;;;;;;;;
;Japan;SH;H 600 x 250 x 16 x 25;I;600 ;16 ;250 ;25 ;;;13 ;;;;30 ;215 ;125 ;90 ;127000 ;4220 ;;4840 ;24 ;6530 ;522 ;818 ;6 ;336 ;134 ;5381266 ;;;;3 ;;;;;;;;;;
;Japan;SH;H 600 x 250 x 16 x 28;I;600 ;16 ;250 ;28 ;;;13 ;;;;30 ;229 ;140 ;89 ;137000 ;4570 ;;5230 ;25 ;7310 ;585 ;911 ;6 ;440 ;157 ;5964292 ;;;;3 ;;;;;;;;;;
;Japan;SH;H 600 x 250 x 16 x 32;I;600 ;16 ;250 ;32 ;;;13 ;;;;30 ;247 ;160 ;87 ;151000 ;5020 ;;5730 ;25 ;8350 ;668 ;1040 ;6 ;619 ;194 ;6721333 ;;;;3 ;;;;;;;;;;
;Japan;SH;H 600 x 300 x 12 x 19;I;600 ;12 ;300 ;19 ;;;13 ;;;;30 ;183 ;114 ;69 ;115000 ;3840 ;;4300 ;25 ;8560 ;571 ;877 ;7 ;170 ;89 ;7215366 ;;;;3 ;;;;;;;;;;
;Japan;SH;H 600 x 300 x 12 x 22;I;600 ;12 ;300 ;22 ;;;13 ;;;;30 ;200 ;132 ;68 ;129000 ;4290 ;;4780 ;25 ;9910 ;661 ;1010 ;7 ;245 ;111 ;8268579 ;;;;3 ;;;;;;;;;;
;Japan;SH;H 600 x 300 x 12 x 25;I;600 ;12 ;300 ;25 ;;;13 ;;;;30 ;218 ;150 ;68 ;142000 ;4730 ;;5260 ;26 ;11300 ;751 ;1150 ;7 ;344 ;138 ;9298828 ;;;;3 ;;;;;;;;;;
;Japan;SH;H 600 x 300 x 12 x 28;I;600 ;12 ;300 ;28 ;;;13 ;;;;30 ;235 ;168 ;67 ;155000 ;5160 ;;5730 ;26 ;12600 ;841 ;1280 ;7 ;470 ;168 ;10306296 ;;;;3 ;;;;;;;;;;
;Japan;SH;H 600 x 300 x 14 x 22;I;600 ;14 ;300 ;22 ;;;13 ;;;;30 ;211 ;132 ;79 ;131000 ;4380 ;;4940 ;25 ;9910 ;661 ;1020 ;7 ;264 ;120 ;8268579 ;;;;3 ;;;;;;;;;;
;Japan;SH;H 600 x 300 x 14 x 25;I;600 ;14 ;300 ;25 ;;;13 ;;;;30 ;229 ;150 ;79 ;145000 ;4820 ;;5410 ;25 ;11300 ;751 ;1150 ;7 ;363 ;145 ;9298828 ;;;;3 ;;;;;;;;;;
;Japan;SH;H 600 x 300 x 14 x 28;I;600 ;14 ;300 ;28 ;;;13 ;;;;30 ;246 ;168 ;78 ;157000 ;5250 ;;5880 ;25 ;12600 ;841 ;1290 ;7 ;489 ;175 ;10306296 ;;;;3 ;;;;;;;;;;
;Japan;SH;H 600 x 300 x 16 x 28;I;600 ;16 ;300 ;28 ;;;13 ;;;;30 ;257 ;168 ;89 ;160000 ;5330 ;;6030 ;25 ;12600 ;841 ;1300 ;7 ;513 ;183 ;10306296 ;;;;3 ;;;;;;;;;;
;Japan;SH;H 600 x 300 x 16 x 32;I;600 ;16 ;300 ;32 ;;;13 ;;;;30 ;279 ;192 ;87 ;177000 ;5890 ;;6640 ;25 ;14400 ;961 ;1480 ;7 ;729 ;228 ;11614464 ;;;;3 ;;;;;;;;;;
;Japan;SH;H 650 x 200 x 9 x 12;I;650 ;9 ;200 ;12 ;;;13 ;;;;33 ;106 ;48 ;58 ;68600 ;2110 ;;2460 ;26 ;1600 ;160 ;254 ;4 ;38 ;32 ;1628176 ;;;;3 ;;;;;;;;;;
;Japan;SH;H 650 x 200 x 9 x 16;I;650 ;9 ;200 ;16 ;;;13 ;;;;33 ;121 ;64 ;57 ;83400 ;2570 ;;2930 ;26 ;2140 ;214 ;334 ;4 ;70 ;44 ;2143765 ;;;;3 ;;;;;;;;;;
;Japan;SH;H 650 x 200 x 9 x 19;I;650 ;9 ;200 ;19 ;;;13 ;;;;33 ;133 ;76 ;57 ;94200 ;2900 ;;3280 ;27 ;2540 ;254 ;393 ;4 ;106 ;56 ;2521686 ;;;;3 ;;;;;;;;;;
;Japan;SH;H 650 x 200 x 9 x 22;I;650 ;9 ;200 ;22 ;;;13 ;;;;33 ;144 ;88 ;56 ;105000 ;3220 ;;3630 ;27 ;2940 ;294 ;453 ;5 ;157 ;71 ;2892149 ;;;;3 ;;;;;;;;;;
;Japan;SH;H 650 x 200 x 12 x 19;I;650 ;12 ;200 ;19 ;;;13 ;;;;33 ;151 ;76 ;75 ;99900 ;3070 ;;3570 ;26 ;2540 ;254 ;403 ;4 ;127 ;67 ;2521686 ;;;;3 ;;;;;;;;;;
;Japan;SH;H 650 x 200 x 12 x 22;I;650 ;12 ;200 ;22 ;;;13 ;;;;33 ;162 ;88 ;74 ;110000 ;3400 ;;3910 ;26 ;2940 ;294 ;463 ;4 ;177 ;80 ;2892149 ;;;;3 ;;;;;;;;;;
;Japan;SH;H 650 x 200 x 12 x 25;I;650 ;12 ;200 ;25 ;;;13 ;;;;33 ;174 ;100 ;74 ;121000 ;3710 ;;4250 ;26 ;3340 ;334 ;523 ;4 ;243 ;97 ;3255208 ;;;;3 ;;;;;;;;;;
;Japan;SH;H 650 x 200 x 12 x 28;I;650 ;12 ;200 ;28 ;;;13 ;;;;33 ;185 ;112 ;73 ;131000 ;4020 ;;4580 ;27 ;3740 ;374 ;583 ;5 ;327 ;117 ;3610917 ;;;;3 ;;;;;;;;;;
;Japan;SH;H 650 x 250 x 12 x 19;I;650 ;12 ;250 ;19 ;;;13 ;;;;33 ;170 ;95 ;75 ;119000 ;3660 ;;4160 ;26 ;4960 ;397 ;617 ;5 ;150 ;79 ;4925169 ;;;;3 ;;;;;;;;;;
;Japan;SH;H 650 x 250 x 12 x 22;I;650 ;12 ;250 ;22 ;;;13 ;;;;33 ;184 ;110 ;74 ;132000 ;4060 ;;4600 ;27 ;5740 ;459 ;711 ;6 ;212 ;97 ;5648729 ;;;;3 ;;;;;;;;;;
;Japan;SH;H 650 x 250 x 12 x 25;I;650 ;12 ;250 ;25 ;;;13 ;;;;33 ;199 ;125 ;74 ;145000 ;4460 ;;5030 ;27 ;6520 ;522 ;804 ;6 ;295 ;118 ;6357829 ;;;;3 ;;;;;;;;;;
;Japan;SH;H 650 x 250 x 12 x 28;I;650 ;12 ;250 ;28 ;;;13 ;;;;33 ;213 ;140 ;73 ;158000 ;4850 ;;5460 ;27 ;7300 ;584 ;898 ;6 ;400 ;143 ;7052573 ;;;;3 ;;;;;;;;;;
;Japan;SH;H 650 x 250 x 16 x 28;I;650 ;16 ;250 ;28 ;;;13 ;;;;33 ;237 ;140 ;97 ;165000 ;5070 ;;5810 ;26 ;7310 ;585 ;915 ;6 ;447 ;160 ;7052573 ;;;;3 ;;;;;;;;;;
;Japan;SH;H 650 x 300 x 12 x 16;I;650 ;12 ;300 ;16 ;;;13 ;;;;33 ;172 ;96 ;76 ;121000 ;3740 ;;4230 ;27 ;7210 ;481 ;744 ;6 ;118 ;73 ;7235208 ;;;;3 ;;;;;;;;;;
;Japan;SH;H 650 x 300 x 12 x 19;I;650 ;12 ;300 ;19 ;;;13 ;;;;33 ;189 ;114 ;75 ;138000 ;4240 ;;4760 ;27 ;8560 ;571 ;878 ;7 ;172 ;91 ;8510691 ;;;;3 ;;;;;;;;;;
;Japan;SH;H 650 x 300 x 12 x 22;I;650 ;12 ;300 ;22 ;;;13 ;;;;33 ;206 ;132 ;74 ;154000 ;4730 ;;5290 ;27 ;9910 ;661 ;1010 ;7 ;248 ;113 ;9761004 ;;;;3 ;;;;;;;;;;
;Japan;SH;H 650 x 300 x 12 x 25;I;650 ;12 ;300 ;25 ;;;13 ;;;;33 ;224 ;150 ;74 ;169000 ;5210 ;;5810 ;28 ;11300 ;751 ;1150 ;7 ;347 ;139 ;10986328 ;;;;3 ;;;;;;;;;;
;Japan;SH;H 650 x 300 x 16 x 22;I;650 ;16 ;300 ;22 ;;;13 ;;;;33 ;230 ;132 ;98 ;161000 ;4960 ;;5660 ;26 ;9920 ;661 ;1030 ;7 ;296 ;134 ;9761004 ;;;;3 ;;;;;;;;;;
;Japan;SH;H 650 x 300 x 16 x 25;I;650 ;16 ;300 ;25 ;;;13 ;;;;33 ;248 ;150 ;98 ;177000 ;5440 ;;6170 ;27 ;11300 ;751 ;1160 ;7 ;394 ;158 ;10986328 ;;;;3 ;;;;;;;;;;
;Japan;SH;H 650 x 300 x 16 x 28;I;650 ;16 ;300 ;28 ;;;13 ;;;;33 ;265 ;168 ;97 ;192000 ;5900 ;;6680 ;27 ;12600 ;841 ;1300 ;7 ;520 ;186 ;12186846 ;;;;3 ;;;;;;;;;;
;Japan;SH;H 650 x 300 x 16 x 32;I;650 ;16 ;300 ;32 ;;;13 ;;;;33 ;287 ;192 ;95 ;212000 ;6510 ;;7350 ;27 ;14400 ;961 ;1480 ;7 ;735 ;230 ;13749264 ;;;;3 ;;;;;;;;;;
;Japan;SH;H 700 x 200 x 9 x 12;I;700 ;9 ;200 ;12 ;;;18 ;;;;35 ;112 ;48 ;64 ;83100 ;2370 ;;2770 ;27 ;1610 ;161 ;256 ;4 ;39 ;33 ;1893376 ;;;;3 ;;;;;;;;;;
;Japan;SH;H 700 x 200 x 9 x 16;I;700 ;9 ;200 ;16 ;;;18 ;;;;35 ;127 ;64 ;63 ;100000 ;2860 ;;3280 ;28 ;2140 ;214 ;336 ;4 ;71 ;44 ;2495232 ;;;;3 ;;;;;;;;;;
;Japan;SH;H 700 x 200 x 9 x 19;I;700 ;9 ;200 ;19 ;;;18 ;;;;35 ;138 ;76 ;62 ;113000 ;3220 ;;3660 ;29 ;2540 ;254 ;396 ;4 ;108 ;57 ;2937153 ;;;;3 ;;;;;;;;;;
;Japan;SH;H 700 x 200 x 9 x 22;I;700 ;9 ;200 ;22 ;;;18 ;;;;35 ;150 ;88 ;62 ;125000 ;3580 ;;4040 ;29 ;2940 ;294 ;456 ;4 ;158 ;72 ;3371016 ;;;;3 ;;;;;;;;;;
;Japan;SH;H 700 x 200 x 12 x 22;I;700 ;12 ;200 ;22 ;;;18 ;;;;35 ;170 ;88 ;82 ;132000 ;3780 ;;4360 ;28 ;2950 ;295 ;466 ;4 ;180 ;82 ;3371016 ;;;;3 ;;;;;;;;;;
;Japan;SH;H 700 x 200 x 12 x 25;I;700 ;12 ;200 ;25 ;;;18 ;;;;35 ;181 ;100 ;81 ;144000 ;4120 ;;4730 ;28 ;3350 ;335 ;526 ;4 ;246 ;98 ;3796875 ;;;;3 ;;;;;;;;;;
;Japan;SH;H 700 x 200 x 12 x 28;I;700 ;12 ;200 ;28 ;;;18 ;;;;35 ;192 ;112 ;80 ;156000 ;4460 ;;5100 ;29 ;3750 ;375 ;586 ;4 ;330 ;118 ;4214784 ;;;;3 ;;;;;;;;;;
;Japan;SH;H 700 x 250 x 9 x 16;I;700 ;9 ;250 ;16 ;;;18 ;;;;35 ;143 ;80 ;63 ;119000 ;3400 ;;3830 ;29 ;4170 ;334 ;516 ;5 ;84 ;53 ;4873500 ;;;;3 ;;;;;;;;;;
;Japan;SH;H 700 x 250 x 9 x 19;I;700 ;9 ;250 ;19 ;;;18 ;;;;35 ;157 ;95 ;62 ;135000 ;3850 ;;4310 ;29 ;4950 ;396 ;610 ;6 ;130 ;69 ;5736627 ;;;;3 ;;;;;;;;;;
;Japan;SH;H 700 x 250 x 12 x 19;I;700 ;12 ;250 ;19 ;;;18 ;;;;35 ;177 ;95 ;82 ;142000 ;4060 ;;4640 ;28 ;4960 ;397 ;620 ;5 ;152 ;80 ;5736627 ;;;;3 ;;;;;;;;;;
;Japan;SH;H 700 x 250 x 12 x 22;I;700 ;12 ;250 ;22 ;;;18 ;;;;35 ;192 ;110 ;82 ;158000 ;4500 ;;5110 ;29 ;5740 ;459 ;714 ;5 ;215 ;98 ;6584016 ;;;;3 ;;;;;;;;;;
;Japan;SH;H 700 x 250 x 12 x 25;I;700 ;12 ;250 ;25 ;;;18 ;;;;35 ;206 ;125 ;81 ;173000 ;4940 ;;5580 ;29 ;6520 ;522 ;807 ;6 ;298 ;119 ;7415771 ;;;;3 ;;;;;;;;;;
;Japan;SH;H 700 x 250 x 14 x 22;I;700 ;14 ;250 ;22 ;;;18 ;;;;35 ;205 ;110 ;95 ;162000 ;4640 ;;5330 ;28 ;5750 ;460 ;723 ;5 ;237 ;108 ;6584016 ;;;;3 ;;;;;;;;;;
;Japan;SH;H 700 x 250 x 14 x 25;I;700 ;14 ;250 ;25 ;;;18 ;;;;35 ;219 ;125 ;94 ;177000 ;5070 ;;5790 ;29 ;6530 ;522 ;816 ;5 ;320 ;128 ;7415771 ;;;;3 ;;;;;;;;;;
;Japan;SH;H 700 x 250 x 14 x 28;I;700 ;14 ;250 ;28 ;;;18 ;;;;35 ;233 ;140 ;93 ;192000 ;5490 ;;6240 ;29 ;7310 ;585 ;910 ;6 ;425 ;152 ;8232000 ;;;;3 ;;;;;;;;;;
;Japan;SH;H 700 x 300 x 12 x 19;I;700 ;12 ;300 ;19 ;;;18 ;;;;35 ;196 ;114 ;82 ;164000 ;4690 ;;5290 ;29 ;8560 ;571 ;882 ;7 ;175 ;92 ;9912891 ;;;;3 ;;;;;;;;;;
;Japan;SH;H 700 x 300 x 12 x 22;I;700 ;12 ;300 ;22 ;;;18 ;;;;35 ;214 ;132 ;82 ;183000 ;5230 ;;5860 ;29 ;9910 ;661 ;1020 ;7 ;251 ;114 ;11377179 ;;;;3 ;;;;;;;;;;
;Japan;SH;H 700 x 300 x 12 x 25;I;700 ;12 ;300 ;25 ;;;18 ;;;;35 ;231 ;150 ;81 ;201000 ;5750 ;;6420 ;30 ;11300 ;751 ;1150 ;7 ;350 ;140 ;12814453 ;;;;3 ;;;;;;;;;;
;Japan;SH;H 700 x 300 x 14 x 22;I;700 ;14 ;300 ;22 ;;;18 ;;;;35 ;227 ;132 ;95 ;188000 ;5360 ;;6070 ;29 ;9920 ;661 ;1030 ;7 ;273 ;124 ;11377179 ;;;;3 ;;;;;;;;;;
;Japan;SH;H 700 x 300 x 14 x 25;I;700 ;14 ;300 ;25 ;;;18 ;;;;35 ;244 ;150 ;94 ;206000 ;5880 ;;6630 ;29 ;11300 ;751 ;1160 ;7 ;372 ;149 ;12814453 ;;;;3 ;;;;;;;;;;
;Japan;SH;H 700 x 300 x 14 x 28;I;700 ;14 ;300 ;28 ;;;18 ;;;;35 ;261 ;168 ;93 ;224000 ;6390 ;;7180 ;29 ;12600 ;841 ;1290 ;7 ;498 ;178 ;14224896 ;;;;3 ;;;;;;;;;;
;Japan;SH;H 700 x 300 x 14 x 32;I;700 ;14 ;300 ;32 ;;;18 ;;;;35 ;284 ;192 ;92 ;247000 ;7060 ;;7920 ;30 ;14400 ;961 ;1470 ;7 ;714 ;223 ;16064064 ;;;;3 ;;;;;;;;;;
;Japan;SH;H 700 x 300 x 16 x 22;I;700 ;16 ;300 ;22 ;;;18 ;;;;35 ;240 ;132 ;108 ;192000 ;5490 ;;6290 ;28 ;9930 ;662 ;1040 ;6 ;303 ;138 ;11377179 ;;;;3 ;;;;;;;;;;
;Japan;SH;H 700 x 300 x 16 x 25;I;700 ;16 ;300 ;25 ;;;18 ;;;;35 ;257 ;150 ;107 ;210000 ;6010 ;;6840 ;29 ;11300 ;752 ;1170 ;7 ;401 ;160 ;12814453 ;;;;3 ;;;;;;;;;;
;Japan;SH;H 700 x 300 x 16 x 28;I;700 ;16 ;300 ;28 ;;;18 ;;;;35 ;274 ;168 ;106 ;228000 ;6520 ;;7390 ;29 ;12600 ;842 ;1300 ;7 ;527 ;188 ;14224896 ;;;;3 ;;;;;;;;;;
;Japan;SH;H 700 x 300 x 16 x 32;I;700 ;16 ;300 ;32 ;;;18 ;;;;35 ;297 ;192 ;105 ;251000 ;7180 ;;8120 ;29 ;14400 ;962 ;1480 ;7 ;742 ;232 ;16064064 ;;;;3 ;;;;;;;;;;
;Japan;SH;H 700 x 350 x 12 x 22;I;700 ;12 ;350 ;22 ;;;18 ;;;;35 ;236 ;154 ;82 ;208000 ;5950 ;;6600 ;30 ;15700 ;899 ;1370 ;8 ;286 ;130 ;18066539 ;;;;3 ;;;;;;;;;;
;Japan;SH;H 700 x 350 x 12 x 25;I;700 ;12 ;350 ;25 ;;;18 ;;;;35 ;256 ;175 ;81 ;230000 ;6560 ;;7260 ;30 ;17900 ;1020 ;1560 ;8 ;402 ;161 ;20348877 ;;;;3 ;;;;;;;;;;
;Japan;SH;H 700 x 350 x 14 x 22;I;700 ;14 ;350 ;22 ;;;18 ;;;;35 ;249 ;154 ;95 ;213000 ;6080 ;;6820 ;29 ;15700 ;899 ;1380 ;8 ;308 ;140 ;18066539 ;;;;3 ;;;;;;;;;;
;Japan;SH;H 700 x 350 x 14 x 25;I;700 ;14 ;350 ;25 ;;;18 ;;;;35 ;269 ;175 ;94 ;234000 ;6700 ;;7470 ;30 ;17900 ;1020 ;1570 ;8 ;424 ;170 ;20348877 ;;;;3 ;;;;;;;;;;
;Japan;SH;H 700 x 350 x 14 x 28;I;700 ;14 ;350 ;28 ;;;18 ;;;;35 ;289 ;196 ;93 ;255000 ;7300 ;;8130 ;30 ;20000 ;1140 ;1750 ;8 ;571 ;204 ;22588608 ;;;;3 ;;;;;;;;;;
;Japan;SH;H 700 x 350 x 14 x 32;I;700 ;14 ;350 ;32 ;;;18 ;;;;35 ;316 ;224 ;92 ;283000 ;8080 ;;8980 ;30 ;22900 ;1310 ;1990 ;9 ;823 ;257 ;25509139 ;;;;3 ;;;;;;;;;;
;Japan;SH;H 700 x 350 x 16 x 25;I;700 ;16 ;350 ;25 ;;;18 ;;;;35 ;282 ;175 ;107 ;239000 ;6830 ;;7690 ;29 ;17900 ;1020 ;1580 ;8 ;453 ;181 ;20348877 ;;;;3 ;;;;;;;;;;
;Japan;SH;H 700 x 350 x 16 x 28;I;700 ;16 ;350 ;28 ;;;18 ;;;;35 ;302 ;196 ;106 ;260000 ;7420 ;;8330 ;29 ;20000 ;1140 ;1760 ;8 ;600 ;214 ;22588608 ;;;;3 ;;;;;;;;;;
;Japan;SH;H 700 x 350 x 16 x 32;I;700 ;16 ;350 ;32 ;;;18 ;;;;35 ;329 ;224 ;105 ;287000 ;8200 ;;9190 ;30 ;22900 ;1310 ;2000 ;8 ;851 ;266 ;25509139 ;;;;3 ;;;;;;;;;;
;Japan;SH;H 700 x 350 x 16 x 36;I;700 ;16 ;350 ;36 ;;;18 ;;;;35 ;355 ;252 ;103 ;314000 ;8960 ;;10000 ;30 ;25800 ;1470 ;2250 ;9 ;1174 ;326 ;28355124 ;;;;3 ;;;;;;;;;;
;Japan;SH;H 750 x 250 x 12 x 19;I;750 ;12 ;250 ;19 ;;;18 ;;;;38 ;183 ;95 ;88 ;166000 ;4440 ;;5090 ;30 ;4960 ;397 ;622 ;5 ;155 ;82 ;6609934 ;;;;3 ;;;;;;;;;;
;Japan;SH;H 750 x 250 x 12 x 22;I;750 ;12 ;250 ;22 ;;;18 ;;;;38 ;198 ;110 ;88 ;184000 ;4920 ;;5600 ;31 ;5740 ;459 ;716 ;5 ;218 ;99 ;7590917 ;;;;3 ;;;;;;;;;;
;Japan;SH;H 750 x 250 x 12 x 25;I;750 ;12 ;250 ;25 ;;;18 ;;;;38 ;212 ;125 ;87 ;202000 ;5390 ;;6100 ;31 ;6520 ;522 ;809 ;6 ;301 ;120 ;8555094 ;;;;3 ;;;;;;;;;;
;Japan;SH;H 750 x 250 x 14 x 22;I;750 ;14 ;250 ;22 ;;;18 ;;;;38 ;212 ;110 ;102 ;190000 ;5070 ;;5850 ;30 ;5750 ;460 ;725 ;5 ;242 ;110 ;7590917 ;;;;3 ;;;;;;;;;;
;Japan;SH;H 750 x 250 x 14 x 25;I;750 ;14 ;250 ;25 ;;;18 ;;;;38 ;226 ;125 ;101 ;208000 ;5540 ;;6340 ;30 ;6530 ;522 ;819 ;5 ;324 ;130 ;8555094 ;;;;3 ;;;;;;;;;;
;Japan;SH;H 750 x 250 x 14 x 28;I;750 ;14 ;250 ;28 ;;;18 ;;;;38 ;240 ;140 ;100 ;225000 ;5990 ;;6840 ;31 ;7310 ;585 ;912 ;6 ;429 ;153 ;9502573 ;;;;3 ;;;;;;;;;;
;Japan;SH;H 750 x 300 x 14 x 22;I;750 ;14 ;300 ;22 ;;;18 ;;;;38 ;234 ;132 ;102 ;219000 ;5850 ;;6650 ;31 ;9920 ;661 ;1030 ;7 ;278 ;126 ;13117104 ;;;;3 ;;;;;;;;;;
;Japan;SH;H 750 x 300 x 14 x 25;I;750 ;14 ;300 ;25 ;;;18 ;;;;38 ;251 ;150 ;101 ;241000 ;6410 ;;7250 ;31 ;11300 ;751 ;1160 ;7 ;377 ;151 ;14783203 ;;;;3 ;;;;;;;;;;
;Japan;SH;H 750 x 300 x 14 x 28;I;750 ;14 ;300 ;28 ;;;18 ;;;;38 ;268 ;168 ;100 ;261000 ;6970 ;;7850 ;31 ;12600 ;841 ;1300 ;7 ;503 ;179 ;16420446 ;;;;3 ;;;;;;;;;;
;Japan;SH;H 750 x 300 x 16 x 25;I;750 ;16 ;300 ;25 ;;;18 ;;;;38 ;265 ;150 ;115 ;246000 ;6570 ;;7490 ;31 ;11300 ;752 ;1170 ;7 ;408 ;163 ;14783203 ;;;;3 ;;;;;;;;;;
;Japan;SH;H 750 x 300 x 16 x 28;I;750 ;16 ;300 ;28 ;;;18 ;;;;38 ;282 ;168 ;114 ;267000 ;7120 ;;8090 ;31 ;12600 ;842 ;1310 ;7 ;534 ;191 ;16420446 ;;;;3 ;;;;;;;;;;
;Japan;SH;H 750 x 300 x 16 x 32;I;750 ;16 ;300 ;32 ;;;18 ;;;;38 ;305 ;192 ;113 ;294000 ;7840 ;;8870 ;31 ;14400 ;962 ;1490 ;7 ;749 ;234 ;18558864 ;;;;3 ;;;;;;;;;;
;Japan;SH;H 750 x 350 x 14 x 25;I;750 ;14 ;350 ;25 ;;;18 ;;;;38 ;276 ;175 ;101 ;273000 ;7290 ;;8150 ;32 ;17900 ;1020 ;1570 ;8 ;429 ;171 ;23475179 ;;;;3 ;;;;;;;;;;
;Japan;SH;H 750 x 350 x 14 x 28;I;750 ;14 ;350 ;28 ;;;18 ;;;;38 ;296 ;196 ;100 ;298000 ;7940 ;;8860 ;32 ;20000 ;1140 ;1750 ;8 ;576 ;206 ;26075060 ;;;;3 ;;;;;;;;;;
;Japan;SH;H 750 x 350 x 14 x 32;I;750 ;14 ;350 ;32 ;;;18 ;;;;38 ;323 ;224 ;99 ;330000 ;8790 ;;9780 ;32 ;22900 ;1310 ;2000 ;8 ;827 ;259 ;29470789 ;;;;3 ;;;;;;;;;;
;Japan;SH;H 750 x 350 x 16 x 28;I;750 ;16 ;350 ;28 ;;;18 ;;;;38 ;310 ;196 ;114 ;303000 ;8090 ;;9100 ;31 ;20000 ;1140 ;1760 ;8 ;607 ;217 ;26075060 ;;;;3 ;;;;;;;;;;
;Japan;SH;H 750 x 350 x 16 x 32;I;750 ;16 ;350 ;32 ;;;18 ;;;;38 ;337 ;224 ;113 ;335000 ;8940 ;;10000 ;32 ;22900 ;1310 ;2010 ;8 ;858 ;268 ;29470789 ;;;;3 ;;;;;;;;;;
;Japan;SH;H 750 x 350 x 16 x 36;I;750 ;16 ;350 ;36 ;;;18 ;;;;38 ;363 ;252 ;111 ;366000 ;9760 ;;10900 ;32 ;25800 ;1470 ;2250 ;8 ;1181 ;328 ;32786255 ;;;;3 ;;;;;;;;;;
;Japan;SH;H 800 x 250 x 14 x 22;I;800 ;14 ;250 ;22 ;;;18 ;;;;40 ;219 ;110 ;109 ;221000 ;5520 ;;6380 ;32 ;5750 ;460 ;728 ;5 ;247 ;112 ;8669432 ;;;;3 ;;;;;;;;;;
;Japan;SH;H 800 x 250 x 14 x 25;I;800 ;14 ;250 ;25 ;;;18 ;;;;40 ;233 ;125 ;108 ;241000 ;6020 ;;6920 ;32 ;6530 ;523 ;821 ;5 ;329 ;132 ;9775798 ;;;;3 ;;;;;;;;;;
;Japan;SH;H 800 x 250 x 14 x 28;I;800 ;14 ;250 ;28 ;;;18 ;;;;40 ;247 ;140 ;107 ;260000 ;6510 ;;7440 ;33 ;7310 ;585 ;915 ;5 ;434 ;155 ;10864292 ;;;;3 ;;;;;;;;;;
;Japan;SH;H 800 x 250 x 16 x 22;I;800 ;16 ;250 ;22 ;;;18 ;;;;40 ;234 ;110 ;124 ;228000 ;5700 ;;6670 ;31 ;5760 ;461 ;739 ;5 ;281 ;128 ;8669432 ;;;;3 ;;;;;;;;;;
;Japan;SH;H 800 x 250 x 16 x 25;I;800 ;16 ;250 ;25 ;;;18 ;;;;40 ;248 ;125 ;123 ;248000 ;6200 ;;7200 ;32 ;6540 ;523 ;833 ;5 ;363 ;145 ;9775798 ;;;;3 ;;;;;;;;;;
;Japan;SH;H 800 x 250 x 16 x 28;I;800 ;16 ;250 ;28 ;;;18 ;;;;40 ;262 ;140 ;122 ;267000 ;6680 ;;7720 ;32 ;7320 ;586 ;926 ;5 ;467 ;167 ;10864292 ;;;;3 ;;;;;;;;;;
;Japan;SH;H 800 x 250 x 16 x 32;I;800 ;16 ;250 ;32 ;;;18 ;;;;40 ;281 ;160 ;121 ;293000 ;7320 ;;8410 ;32 ;8360 ;669 ;1050 ;5 ;647 ;202 ;12288000 ;;;;3 ;;;;;;;;;;
;Japan;SH;H 800 x 300 x 14 x 22;I;800 ;14 ;300 ;22 ;;;18 ;;;;40 ;241 ;132 ;109 ;254000 ;6350 ;;7240 ;33 ;9920 ;661 ;1030 ;6 ;282 ;128 ;14980779 ;;;;3 ;;;;;;;;;;
;Japan;SH;H 800 x 300 x 14 x 25;I;800 ;14 ;300 ;25 ;;;18 ;;;;40 ;258 ;150 ;108 ;278000 ;6960 ;;7880 ;33 ;11300 ;751 ;1160 ;7 ;381 ;152 ;16892578 ;;;;3 ;;;;;;;;;;
;Japan;SH;H 800 x 300 x 14 x 28;I;800 ;14 ;300 ;28 ;;;18 ;;;;40 ;275 ;168 ;107 ;302000 ;7560 ;;8520 ;33 ;12600 ;841 ;1300 ;7 ;507 ;181 ;18773496 ;;;;3 ;;;;;;;;;;
;Japan;SH;H 800 x 300 x 16 x 22;I;800 ;16 ;300 ;22 ;;;18 ;;;;40 ;256 ;132 ;124 ;261000 ;6530 ;;7520 ;32 ;9930 ;662 ;1040 ;6 ;316 ;144 ;14980779 ;;;;3 ;;;;;;;;;;
;Japan;SH;H 800 x 300 x 16 x 25;I;800 ;16 ;300 ;25 ;;;18 ;;;;40 ;273 ;150 ;123 ;285000 ;7130 ;;8170 ;32 ;11300 ;752 ;1180 ;6 ;415 ;166 ;16892578 ;;;;3 ;;;;;;;;;;
;Japan;SH;H 800 x 300 x 16 x 28;I;800 ;16 ;300 ;28 ;;;18 ;;;;40 ;290 ;168 ;122 ;309000 ;7730 ;;8800 ;33 ;12600 ;842 ;1310 ;7 ;541 ;193 ;18773496 ;;;;3 ;;;;;;;;;;
;Japan;SH;H 800 x 300 x 16 x 32;I;800 ;16 ;300 ;32 ;;;18 ;;;;40 ;313 ;192 ;121 ;340000 ;8500 ;;9640 ;33 ;14400 ;962 ;1490 ;7 ;756 ;236 ;21233664 ;;;;3 ;;;;;;;;;;
;Japan;SH;H 800 x 350 x 14 x 25;I;800 ;14 ;350 ;25 ;;;18 ;;;;40 ;283 ;175 ;108 ;316000 ;7900 ;;8850 ;33 ;17900 ;1020 ;1570 ;8 ;433 ;173 ;26824788 ;;;;3 ;;;;;;;;;;
;Japan;SH;H 800 x 350 x 14 x 28;I;800 ;14 ;350 ;28 ;;;18 ;;;;40 ;303 ;196 ;107 ;344000 ;8600 ;;9610 ;34 ;20000 ;1140 ;1750 ;8 ;580 ;207 ;29811616 ;;;;3 ;;;;;;;;;;
;Japan;SH;H 800 x 350 x 16 x 25;I;800 ;16 ;350 ;25 ;;;18 ;;;;40 ;298 ;175 ;123 ;323000 ;8070 ;;9130 ;33 ;17900 ;1020 ;1580 ;8 ;467 ;187 ;26824788 ;;;;3 ;;;;;;;;;;
;Japan;SH;H 800 x 350 x 16 x 28;I;800 ;16 ;350 ;28 ;;;18 ;;;;40 ;318 ;196 ;122 ;351000 ;8770 ;;9880 ;33 ;20000 ;1150 ;1770 ;8 ;614 ;219 ;29811616 ;;;;3 ;;;;;;;;;;
;Japan;SH;H 800 x 350 x 16 x 32;I;800 ;16 ;350 ;32 ;;;18 ;;;;40 ;345 ;224 ;121 ;387000 ;9680 ;;10900 ;34 ;22900 ;1310 ;2010 ;8 ;865 ;270 ;33718272 ;;;;3 ;;;;;;;;;;
;Japan;SH;H 800 x 350 x 16 x 36;I;800 ;16 ;350 ;36 ;;;18 ;;;;40 ;371 ;252 ;119 ;423000 ;10600 ;;11800 ;34 ;25800 ;1470 ;2250 ;8 ;1188 ;330 ;37538949 ;;;;3 ;;;;;;;;;;
;Japan;SH;H 800 x 350 x 19 x 25;I;800 ;19 ;350 ;25 ;;;18 ;;;;40 ;320 ;175 ;145 ;333000 ;8340 ;;9560 ;32 ;17900 ;1020 ;1600 ;7 ;536 ;214 ;26824788 ;;;;3 ;;;;;;;;;;
;Japan;SH;H 800 x 350 x 19 x 28;I;800 ;19 ;350 ;28 ;;;18 ;;;;40 ;340 ;196 ;144 ;361000 ;9030 ;;10300 ;33 ;20100 ;1150 ;1790 ;8 ;682 ;244 ;29811616 ;;;;3 ;;;;;;;;;;
;Japan;SH;H 800 x 350 x 19 x 32;I;800 ;19 ;350 ;32 ;;;18 ;;;;40 ;367 ;224 ;143 ;397000 ;9930 ;;11300 ;33 ;22900 ;1310 ;2030 ;8 ;933 ;292 ;33718272 ;;;;3 ;;;;;;;;;;
;Japan;SH;H 800 x 350 x 19 x 36;I;800 ;19 ;350 ;36 ;;;18 ;;;;40 ;393 ;252 ;141 ;433000 ;10800 ;;12200 ;33 ;25800 ;1470 ;2270 ;8 ;1255 ;349 ;37538949 ;;;;3 ;;;;;;;;;;
;Japan;SH;H 800 x 350 x 19 x 40;I;800 ;19 ;350 ;40 ;;;18 ;;;;40 ;420 ;280 ;140 ;467000 ;11700 ;;13200 ;33 ;28600 ;1640 ;2520 ;8 ;1658 ;414 ;41274333 ;;;;3 ;;;;;;;;;;
;Japan;SH;H 800 x 400 x 14 x 25;I;800 ;14 ;400 ;25 ;;;18 ;;;;40 ;308 ;200 ;108 ;353000 ;8840 ;;9820 ;34 ;26700 ;1330 ;2040 ;9 ;485 ;194 ;40041667 ;;;;3 ;;;;;;;;;;
;Japan;SH;H 800 x 400 x 14 x 28;I;800 ;14 ;400 ;28 ;;;18 ;;;;40 ;331 ;224 ;107 ;386000 ;9640 ;;10700 ;34 ;29900 ;1490 ;2280 ;10 ;653 ;233 ;44500139 ;;;;3 ;;;;;;;;;;
;Japan;SH;H 800 x 400 x 16 x 25;I;800 ;16 ;400 ;25 ;;;18 ;;;;40 ;323 ;200 ;123 ;360000 ;9010 ;;10100 ;33 ;26700 ;1330 ;2050 ;9 ;519 ;208 ;40041667 ;;;;3 ;;;;;;;;;;
;Japan;SH;H 800 x 400 x 16 x 28;I;800 ;16 ;400 ;28 ;;;18 ;;;;40 ;346 ;224 ;122 ;393000 ;9810 ;;11000 ;34 ;29900 ;1490 ;2290 ;9 ;687 ;245 ;44500139 ;;;;3 ;;;;;;;;;;
;Japan;SH;H 800 x 400 x 16 x 32;I;800 ;16 ;400 ;32 ;;;18 ;;;;40 ;377 ;256 ;121 ;435000 ;10900 ;;12100 ;34 ;34200 ;1710 ;2610 ;10 ;974 ;304 ;50331648 ;;;;3 ;;;;;;;;;;
;Japan;SH;H 800 x 400 x 16 x 36;I;800 ;16 ;400 ;36 ;;;18 ;;;;40 ;407 ;288 ;119 ;476000 ;11900 ;;13200 ;34 ;38400 ;1920 ;2930 ;10 ;1344 ;373 ;56034816 ;;;;3 ;;;;;;;;;;
;Japan;SH;H 800 x 400 x 19 x 28;I;800 ;19 ;400 ;28 ;;;18 ;;;;40 ;368 ;224 ;144 ;403000 ;10100 ;;11400 ;33 ;29900 ;1500 ;2310 ;9 ;755 ;270 ;44500139 ;;;;3 ;;;;;;;;;;
;Japan;SH;H 800 x 400 x 19 x 32;I;800 ;19 ;400 ;32 ;;;18 ;;;;40 ;399 ;256 ;143 ;445000 ;11100 ;;12500 ;33 ;34200 ;1710 ;2630 ;9 ;1042 ;326 ;50331648 ;;;;3 ;;;;;;;;;;
;Japan;SH;H 800 x 400 x 19 x 36;I;800 ;19 ;400 ;36 ;;;18 ;;;;40 ;429 ;288 ;141 ;485000 ;12100 ;;13600 ;34 ;38400 ;1920 ;2950 ;9 ;1411 ;392 ;56034816 ;;;;3 ;;;;;;;;;;
;Japan;SH;H 800 x 400 x 19 x 40;I;800 ;19 ;400 ;40 ;;;18 ;;;;40 ;460 ;320 ;140 ;525000 ;13100 ;;14700 ;34 ;42700 ;2140 ;3270 ;10 ;1871 ;468 ;61610667 ;;;;3 ;;;;;;;;;;
;Japan;SH;H 850 x 250 x 14 x 22;I;850 ;14 ;250 ;22 ;;;18 ;;;;43 ;226 ;110 ;116 ;254000 ;5980 ;;6940 ;34 ;5750 ;460 ;730 ;5 ;251 ;114 ;9819563 ;;;;3 ;;;;;;;;;;
;Japan;SH;H 850 x 250 x 14 x 25;I;850 ;14 ;250 ;25 ;;;18 ;;;;43 ;240 ;125 ;115 ;277000 ;6510 ;;7510 ;34 ;6530 ;523 ;824 ;5 ;334 ;133 ;11077881 ;;;;3 ;;;;;;;;;;
;Japan;SH;H 850 x 250 x 16 x 22;I;850 ;16 ;250 ;22 ;;;18 ;;;;43 ;242 ;110 ;132 ;263000 ;6180 ;;7260 ;33 ;5760 ;461 ;742 ;5 ;288 ;131 ;9819563 ;;;;3 ;;;;;;;;;;
;Japan;SH;H 850 x 250 x 16 x 25;I;850 ;16 ;250 ;25 ;;;18 ;;;;43 ;256 ;125 ;131 ;285000 ;6720 ;;7830 ;33 ;6540 ;523 ;836 ;5 ;370 ;148 ;11077881 ;;;;3 ;;;;;;;;;;
;Japan;SH;H 850 x 250 x 16 x 28;I;850 ;16 ;250 ;28 ;;;18 ;;;;43 ;270 ;140 ;130 ;308000 ;7240 ;;8390 ;34 ;7320 ;586 ;929 ;5 ;474 ;169 ;12317156 ;;;;3 ;;;;;;;;;;
;Japan;SH;H 850 x 300 x 16 x 22;I;850 ;16 ;300 ;22 ;;;18 ;;;;43 ;264 ;132 ;132 ;301000 ;7070 ;;8170 ;34 ;9930 ;662 ;1040 ;6 ;323 ;147 ;16968204 ;;;;3 ;;;;;;;;;;
;Japan;SH;H 850 x 300 x 16 x 25;I;850 ;16 ;300 ;25 ;;;18 ;;;;43 ;281 ;150 ;131 ;328000 ;7720 ;;8860 ;34 ;11300 ;752 ;1180 ;6 ;422 ;169 ;19142578 ;;;;3 ;;;;;;;;;;
;Japan;SH;H 850 x 300 x 16 x 28;I;850 ;16 ;300 ;28 ;;;18 ;;;;43 ;298 ;168 ;130 ;355000 ;8350 ;;9540 ;35 ;12600 ;842 ;1310 ;7 ;547 ;196 ;21284046 ;;;;3 ;;;;;;;;;;
;Japan;SH;H 850 x 300 x 16 x 32;I;850 ;16 ;300 ;32 ;;;18 ;;;;43 ;321 ;192 ;129 ;390000 ;9180 ;;10400 ;35 ;14400 ;962 ;1490 ;7 ;763 ;238 ;24088464 ;;;;3 ;;;;;;;;;;
;Japan;SH;H 850 x 350 x 16 x 25;I;850 ;16 ;350 ;25 ;;;18 ;;;;43 ;306 ;175 ;131 ;370000 ;8720 ;;9890 ;35 ;17900 ;1020 ;1590 ;8 ;474 ;190 ;30397705 ;;;;3 ;;;;;;;;;;
;Japan;SH;H 850 x 350 x 16 x 28;I;850 ;16 ;350 ;28 ;;;18 ;;;;43 ;326 ;196 ;130 ;402000 ;9460 ;;10700 ;35 ;20000 ;1150 ;1770 ;8 ;621 ;222 ;33798277 ;;;;3 ;;;;;;;;;;
;Japan;SH;H 850 x 350 x 16 x 32;I;850 ;16 ;350 ;32 ;;;18 ;;;;43 ;353 ;224 ;129 ;444000 ;10400 ;;11700 ;36 ;22900 ;1310 ;2010 ;8 ;872 ;272 ;38251589 ;;;;3 ;;;;;;;;;;
;Japan;SH;H 850 x 350 x 19 x 28;I;850 ;19 ;350 ;28 ;;;18 ;;;;43 ;350 ;196 ;154 ;415000 ;9760 ;;11200 ;34 ;20100 ;1150 ;1790 ;8 ;694 ;248 ;33798277 ;;;;3 ;;;;;;;;;;
;Japan;SH;H 850 x 350 x 19 x 32;I;850 ;19 ;350 ;32 ;;;18 ;;;;43 ;376 ;224 ;152 ;456000 ;10700 ;;12200 ;35 ;22900 ;1310 ;2030 ;8 ;944 ;295 ;38251589 ;;;;3 ;;;;;;;;;;
;Japan;SH;H 850 x 350 x 19 x 36;I;850 ;19 ;350 ;36 ;;;18 ;;;;43 ;403 ;252 ;151 ;496000 ;11700 ;;13200 ;35 ;25800 ;1470 ;2280 ;8 ;1267 ;352 ;42613205 ;;;;3 ;;;;;;;;;;
;Japan;SH;H 850 x 350 x 19 x 40;I;850 ;19 ;350 ;40 ;;;18 ;;;;43 ;429 ;280 ;149 ;536000 ;12600 ;;14300 ;35 ;28600 ;1640 ;2520 ;8 ;1669 ;417 ;46883813 ;;;;3 ;;;;;;;;;;
;Japan;SH;H 850 x 400 x 16 x 25;I;850 ;16 ;400 ;25 ;;;18 ;;;;43 ;331 ;200 ;131 ;413000 ;9720 ;;10900 ;35 ;26700 ;1330 ;2050 ;9 ;526 ;210 ;45375000 ;;;;3 ;;;;;;;;;;
;Japan;SH;H 850 x 400 x 16 x 28;I;850 ;16 ;400 ;28 ;;;18 ;;;;43 ;354 ;224 ;130 ;450000 ;10600 ;;11800 ;36 ;29900 ;1490 ;2290 ;9 ;694 ;248 ;50451072 ;;;;3 ;;;;;;;;;;
;Japan;SH;H 850 x 400 x 16 x 32;I;850 ;16 ;400 ;32 ;;;18 ;;;;43 ;385 ;256 ;129 ;497000 ;11700 ;;13000 ;36 ;34200 ;1710 ;2610 ;9 ;981 ;307 ;57098581 ;;;;3 ;;;;;;;;;;
;Japan;SH;H 850 x 400 x 19 x 28;I;850 ;19 ;400 ;28 ;;;18 ;;;;43 ;378 ;224 ;154 ;462000 ;10900 ;;12300 ;35 ;29900 ;1500 ;2320 ;9 ;767 ;274 ;50451072 ;;;;3 ;;;;;;;;;;
;Japan;SH;H 850 x 400 x 19 x 32;I;850 ;19 ;400 ;32 ;;;18 ;;;;43 ;408 ;256 ;152 ;510000 ;12000 ;;13500 ;35 ;34200 ;1710 ;2630 ;9 ;1054 ;329 ;57098581 ;;;;3 ;;;;;;;;;;
;Japan;SH;H 850 x 400 x 19 x 36;I;850 ;19 ;400 ;36 ;;;18 ;;;;43 ;439 ;288 ;151 ;556000 ;13100 ;;14700 ;36 ;38400 ;1920 ;2950 ;9 ;1422 ;395 ;63609216 ;;;;3 ;;;;;;;;;;
;Japan;SH;H 850 x 400 x 19 x 40;I;850 ;19 ;400 ;40 ;;;18 ;;;;43 ;469 ;320 ;149 ;602000 ;14200 ;;15900 ;36 ;42700 ;2140 ;3270 ;10 ;1883 ;471 ;69984000 ;;;;3 ;;;;;;;;;;
;Japan;SH;H 900 x 250 x 16 x 19;I;900 ;16 ;250 ;19 ;;;18 ;;;;45 ;236 ;95 ;141 ;275000 ;6110 ;;7280 ;34 ;4980 ;399 ;652 ;5 ;232 ;122 ;9600950 ;;;;3 ;;;;;;;;;;
;Japan;SH;H 900 x 250 x 16 x 22;I;900 ;16 ;250 ;22 ;;;18 ;;;;45 ;250 ;110 ;140 ;301000 ;6680 ;;7880 ;35 ;5760 ;461 ;746 ;5 ;294 ;134 ;11041307 ;;;;3 ;;;;;;;;;;
;Japan;SH;H 900 x 250 x 16 x 25;I;900 ;16 ;250 ;25 ;;;18 ;;;;45 ;264 ;125 ;139 ;326000 ;7250 ;;8480 ;35 ;6540 ;524 ;839 ;5 ;376 ;151 ;12461344 ;;;;3 ;;;;;;;;;;
;Japan;SH;H 900 x 250 x 16 x 28;I;900 ;16 ;250 ;28 ;;;18 ;;;;45 ;278 ;140 ;138 ;351000 ;7810 ;;9070 ;36 ;7320 ;586 ;932 ;5 ;481 ;172 ;13861167 ;;;;3 ;;;;;;;;;;
;Japan;SH;H 900 x 300 x 16 x 19;I;900 ;16 ;300 ;19 ;;;18 ;;;;45 ;255 ;114 ;141 ;312000 ;6930 ;;8110 ;35 ;8580 ;572 ;914 ;6 ;255 ;134 ;16590441 ;;;;3 ;;;;;;;;;;
;Japan;SH;H 900 x 300 x 16 x 22;I;900 ;16 ;300 ;22 ;;;18 ;;;;45 ;272 ;132 ;140 ;343000 ;7620 ;;8840 ;36 ;9930 ;662 ;1050 ;6 ;330 ;150 ;19079379 ;;;;3 ;;;;;;;;;;
;Japan;SH;H 900 x 300 x 16 x 25;I;900 ;16 ;300 ;25 ;;;18 ;;;;45 ;289 ;150 ;139 ;374000 ;8310 ;;9570 ;36 ;11300 ;752 ;1180 ;6 ;429 ;171 ;21533203 ;;;;3 ;;;;;;;;;;
;Japan;SH;H 900 x 300 x 16 x 28;I;900 ;16 ;300 ;28 ;;;18 ;;;;45 ;306 ;168 ;138 ;404000 ;8990 ;;10300 ;36 ;12600 ;842 ;1320 ;6 ;554 ;198 ;23952096 ;;;;3 ;;;;;;;;;;
;Japan;SH;H 900 x 300 x 16 x 32;I;900 ;16 ;300 ;32 ;;;18 ;;;;45 ;329 ;192 ;137 ;444000 ;9880 ;;11200 ;37 ;14400 ;962 ;1500 ;7 ;770 ;240 ;27123264 ;;;;3 ;;;;;;;;;;
;Japan;SH;H 900 x 300 x 19 x 22;I;900 ;19 ;300 ;22 ;;;18 ;;;;45 ;297 ;132 ;165 ;359000 ;7970 ;;9390 ;35 ;9950 ;664 ;1070 ;6 ;409 ;186 ;19079379 ;;;;3 ;;;;;;;;;;
;Japan;SH;H 900 x 300 x 19 x 25;I;900 ;19 ;300 ;25 ;;;18 ;;;;45 ;314 ;150 ;164 ;389000 ;8650 ;;10100 ;35 ;11300 ;754 ;1210 ;6 ;507 ;203 ;21533203 ;;;;3 ;;;;;;;;;;
;Japan;SH;H 900 x 300 x 19 x 28;I;900 ;19 ;300 ;28 ;;;18 ;;;;45 ;331 ;168 ;163 ;420000 ;9320 ;;10800 ;36 ;12700 ;844 ;1340 ;6 ;632 ;226 ;23952096 ;;;;3 ;;;;;;;;;;
;Japan;SH;H 900 x 300 x 19 x 32;I;900 ;19 ;300 ;32 ;;;18 ;;;;45 ;354 ;192 ;162 ;459000 ;10200 ;;11800 ;36 ;14500 ;964 ;1520 ;6 ;846 ;265 ;27123264 ;;;;3 ;;;;;;;;;;
;Japan;SH;H 900 x 350 x 16 x 25;I;900 ;16 ;350 ;25 ;;;18 ;;;;45 ;314 ;175 ;139 ;422000 ;9370 ;;10700 ;37 ;17900 ;1020 ;1590 ;8 ;481 ;192 ;34193929 ;;;;3 ;;;;;;;;;;
;Japan;SH;H 900 x 350 x 16 x 28;I;900 ;16 ;350 ;28 ;;;18 ;;;;45 ;334 ;196 ;138 ;458000 ;10200 ;;11500 ;37 ;20000 ;1150 ;1770 ;8 ;627 ;224 ;38035041 ;;;;3 ;;;;;;;;;;
;Japan;SH;H 900 x 350 x 16 x 32;I;900 ;16 ;350 ;32 ;;;18 ;;;;45 ;361 ;224 ;137 ;505000 ;11200 ;;12600 ;37 ;22900 ;1310 ;2020 ;8 ;879 ;275 ;43070739 ;;;;3 ;;;;;;;;;;
;Japan;SH;H 900 x 350 x 19 x 25;I;900 ;19 ;350 ;25 ;;;18 ;;;;45 ;339 ;175 ;164 ;437000 ;9720 ;;11200 ;36 ;17900 ;1020 ;1610 ;7 ;559 ;224 ;34193929 ;;;;3 ;;;;;;;;;;
;Japan;SH;H 900 x 350 x 19 x 28;I;900 ;19 ;350 ;28 ;;;18 ;;;;45 ;359 ;196 ;163 ;473000 ;10500 ;;12000 ;36 ;20100 ;1150 ;1790 ;7 ;705 ;252 ;38035041 ;;;;3 ;;;;;;;;;;
;Japan;SH;H 900 x 350 x 19 x 32;I;900 ;19 ;350 ;32 ;;;18 ;;;;45 ;386 ;224 ;162 ;519000 ;11500 ;;13200 ;37 ;22900 ;1310 ;2040 ;8 ;956 ;299 ;43070739 ;;;;3 ;;;;;;;;;;
;Japan;SH;H 900 x 350 x 19 x 36;I;900 ;19 ;350 ;36 ;;;18 ;;;;45 ;412 ;252 ;160 ;565000 ;12600 ;;14300 ;37 ;25800 ;1470 ;2280 ;8 ;1278 ;355 ;48009024 ;;;;3 ;;;;;;;;;;
;Japan;SH;H 900 x 350 x 19 x 40;I;900 ;19 ;350 ;40 ;;;18 ;;;;45 ;439 ;280 ;159 ;610000 ;13600 ;;15300 ;37 ;28600 ;1640 ;2530 ;8 ;1681 ;420 ;52850583 ;;;;3 ;;;;;;;;;;
;Japan;SH;H 900 x 400 x 16 x 25;I;900 ;16 ;400 ;25 ;;;18 ;;;;45 ;339 ;200 ;139 ;470000 ;10400 ;;11800 ;37 ;26700 ;1340 ;2060 ;9 ;533 ;213 ;51041667 ;;;;3 ;;;;;;;;;;
;Japan;SH;H 900 x 400 x 16 x 28;I;900 ;16 ;400 ;28 ;;;18 ;;;;45 ;362 ;224 ;138 ;511000 ;11400 ;;12700 ;38 ;29900 ;1490 ;2300 ;9 ;701 ;250 ;56775339 ;;;;3 ;;;;;;;;;;
;Japan;SH;H 900 x 400 x 16 x 32;I;900 ;16 ;400 ;32 ;;;18 ;;;;45 ;393 ;256 ;137 ;565000 ;12600 ;;14000 ;38 ;34200 ;1710 ;2620 ;9 ;988 ;309 ;64292181 ;;;;3 ;;;;;;;;;;
;Japan;SH;H 900 x 400 x 19 x 28;I;900 ;19 ;400 ;28 ;;;18 ;;;;45 ;387 ;224 ;163 ;526000 ;11700 ;;13300 ;37 ;29900 ;1500 ;2320 ;9 ;778 ;278 ;56775339 ;;;;3 ;;;;;;;;;;
;Japan;SH;H 900 x 400 x 19 x 32;I;900 ;19 ;400 ;32 ;;;18 ;;;;45 ;418 ;256 ;162 ;580000 ;12900 ;;14500 ;37 ;34200 ;1710 ;2640 ;9 ;1065 ;333 ;64292181 ;;;;3 ;;;;;;;;;;
;Japan;SH;H 900 x 400 x 19 x 36;I;900 ;19 ;400 ;36 ;;;18 ;;;;45 ;448 ;288 ;160 ;632000 ;14100 ;;15800 ;38 ;38500 ;1920 ;2960 ;9 ;1433 ;398 ;71663616 ;;;;3 ;;;;;;;;;;
;Japan;SH;H 900 x 400 x 19 x 40;I;900 ;19 ;400 ;40 ;;;18 ;;;;45 ;479 ;320 ;159 ;684000 ;15200 ;;17100 ;38 ;42700 ;2140 ;3280 ;9 ;1894 ;474 ;78890667 ;;;;3 ;;;;;;;;;;
;Japan;SH;H 950 x 250 x 16 x 22;I;950 ;16 ;250 ;22 ;;;18 ;;;;48 ;258 ;110 ;148 ;342000 ;7190 ;;8510 ;36 ;5760 ;461 ;749 ;5 ;301 ;137 ;12334667 ;;;;3 ;;;;;;;;;;
;Japan;SH;H 950 x 250 x 16 x 25;I;950 ;16 ;250 ;25 ;;;18 ;;;;48 ;272 ;125 ;147 ;370000 ;7790 ;;9150 ;37 ;6550 ;524 ;842 ;5 ;383 ;153 ;13926188 ;;;;3 ;;;;;;;;;;
;Japan;SH;H 950 x 250 x 16 x 28;I;950 ;16 ;250 ;28 ;;;18 ;;;;48 ;286 ;140 ;146 ;398000 ;8390 ;;9770 ;37 ;7330 ;586 ;936 ;5 ;488 ;174 ;15496323 ;;;;3 ;;;;;;;;;;
;Japan;SH;H 950 x 250 x 16 x 32;I;950 ;16 ;250 ;32 ;;;18 ;;;;48 ;305 ;160 ;145 ;435000 ;9160 ;;10600 ;38 ;8370 ;669 ;1060 ;5 ;667 ;208 ;17556750 ;;;;3 ;;;;;;;;;;
;Japan;SH;H 950 x 250 x 19 x 25;I;950 ;19 ;250 ;25 ;;;18 ;;;;48 ;299 ;125 ;174 ;388000 ;8180 ;;9750 ;36 ;6570 ;525 ;866 ;5 ;466 ;186 ;13926188 ;;;;3 ;;;;;;;;;;
;Japan;SH;H 950 x 250 x 19 x 28;I;950 ;19 ;250 ;28 ;;;18 ;;;;48 ;313 ;140 ;173 ;416000 ;8760 ;;10400 ;37 ;7350 ;588 ;959 ;5 ;570 ;204 ;15496323 ;;;;3 ;;;;;;;;;;
;Japan;SH;H 950 x 250 x 19 x 32;I;950 ;19 ;250 ;32 ;;;18 ;;;;48 ;331 ;160 ;171 ;453000 ;9530 ;;11200 ;37 ;8390 ;671 ;1080 ;5 ;749 ;234 ;17556750 ;;;;3 ;;;;;;;;;;
;Japan;SH;H 950 x 250 x 19 x 36;I;950 ;19 ;250 ;36 ;;;18 ;;;;48 ;350 ;180 ;170 ;489000 ;10300 ;;12000 ;37 ;9430 ;754 ;1210 ;5 ;978 ;272 ;19579594 ;;;;3 ;;;;;;;;;;
;Japan;SH;H 950 x 250 x 19 x 40;I;950 ;19 ;250 ;40 ;;;18 ;;;;48 ;368 ;200 ;168 ;524000 ;11000 ;;12800 ;38 ;10500 ;838 ;1330 ;5 ;1266 ;316 ;21565104 ;;;;3 ;;;;;;;;;;
;Japan;SH;H 950 x 300 x 16 x 22;I;950 ;16 ;300 ;22 ;;;18 ;;;;48 ;280 ;132 ;148 ;389000 ;8190 ;;9530 ;37 ;9940 ;662 ;1050 ;6 ;337 ;153 ;21314304 ;;;;3 ;;;;;;;;;;
;Japan;SH;H 950 x 300 x 16 x 25;I;950 ;16 ;300 ;25 ;;;18 ;;;;48 ;297 ;150 ;147 ;424000 ;8920 ;;10300 ;38 ;11300 ;752 ;1190 ;6 ;435 ;174 ;24064453 ;;;;3 ;;;;;;;;;;
;Japan;SH;H 950 x 300 x 16 x 28;I;950 ;16 ;300 ;28 ;;;18 ;;;;48 ;314 ;168 ;146 ;458000 ;9640 ;;11100 ;38 ;12600 ;842 ;1320 ;6 ;561 ;200 ;26777646 ;;;;3 ;;;;;;;;;;
;Japan;SH;H 950 x 300 x 16 x 32;I;950 ;16 ;300 ;32 ;;;18 ;;;;48 ;337 ;192 ;145 ;503000 ;10600 ;;12100 ;39 ;14400 ;962 ;1500 ;7 ;776 ;243 ;30338064 ;;;;3 ;;;;;;;;;;
;Japan;SH;H 950 x 300 x 19 x 25;I;950 ;19 ;300 ;25 ;;;18 ;;;;48 ;324 ;150 ;174 ;442000 ;9300 ;;10900 ;37 ;11300 ;754 ;1210 ;6 ;518 ;207 ;24064453 ;;;;3 ;;;;;;;;;;
;Japan;SH;H 950 x 300 x 19 x 28;I;950 ;19 ;300 ;28 ;;;18 ;;;;48 ;341 ;168 ;173 ;476000 ;10000 ;;11700 ;37 ;12700 ;844 ;1340 ;6 ;643 ;230 ;26777646 ;;;;3 ;;;;;;;;;;
;Japan;SH;H 950 x 300 x 19 x 32;I;950 ;19 ;300 ;32 ;;;18 ;;;;48 ;363 ;192 ;171 ;520000 ;11000 ;;12700 ;38 ;14500 ;964 ;1520 ;6 ;858 ;268 ;30338064 ;;;;3 ;;;;;;;;;;
;Japan;SH;H 950 x 300 x 19 x 36;I;950 ;19 ;300 ;36 ;;;18 ;;;;48 ;386 ;216 ;170 ;564000 ;11900 ;;13700 ;38 ;16300 ;1080 ;1700 ;6 ;1134 ;315 ;33833538 ;;;;3 ;;;;;;;;;;
;Japan;SH;H 950 x 300 x 19 x 40;I;950 ;19 ;300 ;40 ;;;18 ;;;;48 ;408 ;240 ;168 ;607000 ;12800 ;;14600 ;39 ;18100 ;1200 ;1880 ;7 ;1479 ;370 ;37264500 ;;;;3 ;;;;;;;;;;
;Japan;SH;H 950 x 350 x 16 x 22;I;950 ;16 ;350 ;22 ;;;18 ;;;;48 ;302 ;154 ;148 ;436000 ;9190 ;;10600 ;38 ;15800 ;900 ;1410 ;7 ;372 ;169 ;33846325 ;;;;3 ;;;;;;;;;;
;Japan;SH;H 950 x 350 x 16 x 25;I;950 ;16 ;350 ;25 ;;;18 ;;;;48 ;322 ;175 ;147 ;477000 ;10000 ;;11500 ;39 ;17900 ;1020 ;1590 ;7 ;487 ;195 ;38213460 ;;;;3 ;;;;;;;;;;
;Japan;SH;H 950 x 350 x 16 x 28;I;950 ;16 ;350 ;28 ;;;18 ;;;;48 ;342 ;196 ;146 ;517000 ;10900 ;;12400 ;39 ;20000 ;1150 ;1780 ;8 ;634 ;227 ;42521910 ;;;;3 ;;;;;;;;;;
;Japan;SH;H 950 x 350 x 16 x 32;I;950 ;16 ;350 ;32 ;;;18 ;;;;48 ;369 ;224 ;145 ;570000 ;12000 ;;13500 ;39 ;22900 ;1310 ;2020 ;8 ;886 ;277 ;48175722 ;;;;3 ;;;;;;;;;;
;Japan;SH;H 950 x 350 x 19 x 25;I;950 ;19 ;350 ;25 ;;;18 ;;;;48 ;349 ;175 ;174 ;495000 ;10400 ;;12100 ;38 ;17900 ;1020 ;1620 ;7 ;570 ;228 ;38213460 ;;;;3 ;;;;;;;;;;
;Japan;SH;H 950 x 350 x 19 x 28;I;950 ;19 ;350 ;28 ;;;18 ;;;;48 ;369 ;196 ;173 ;535000 ;11300 ;;13000 ;38 ;20100 ;1150 ;1800 ;7 ;717 ;256 ;42521910 ;;;;3 ;;;;;;;;;;
;Japan;SH;H 950 x 350 x 19 x 32;I;950 ;19 ;350 ;32 ;;;18 ;;;;48 ;395 ;224 ;171 ;588000 ;12400 ;;14100 ;39 ;22900 ;1310 ;2040 ;8 ;967 ;302 ;48175722 ;;;;3 ;;;;;;;;;;
;Japan;SH;H 950 x 350 x 19 x 36;I;950 ;19 ;350 ;36 ;;;18 ;;;;48 ;422 ;252 ;170 ;639000 ;13500 ;;15300 ;39 ;25800 ;1470 ;2290 ;8 ;1289 ;358 ;53726405 ;;;;3 ;;;;;;;;;;
;Japan;SH;H 950 x 350 x 19 x 40;I;950 ;19 ;350 ;40 ;;;18 ;;;;48 ;448 ;280 ;168 ;689000 ;14500 ;;16500 ;39 ;28600 ;1640 ;2530 ;8 ;1692 ;423 ;59174646 ;;;;3 ;;;;;;;;;;
;Japan;SH;H 950 x 400 x 16 x 22;I;950 ;16 ;400 ;22 ;;;18 ;;;;48 ;324 ;176 ;148 ;484000 ;10200 ;;11600 ;39 ;23500 ;1180 ;1820 ;9 ;408 ;185 ;50522795 ;;;;3 ;;;;;;;;;;
;Japan;SH;H 950 x 400 x 16 x 25;I;950 ;16 ;400 ;25 ;;;18 ;;;;48 ;347 ;200 ;147 ;531000 ;11200 ;;12600 ;39 ;26700 ;1340 ;2060 ;9 ;540 ;216 ;57041667 ;;;;3 ;;;;;;;;;;
;Japan;SH;H 950 x 400 x 16 x 28;I;950 ;16 ;400 ;28 ;;;18 ;;;;48 ;370 ;224 ;146 ;577000 ;12100 ;;13600 ;40 ;29900 ;1500 ;2300 ;9 ;707 ;253 ;63472939 ;;;;3 ;;;;;;;;;;
;Japan;SH;H 950 x 400 x 16 x 32;I;950 ;16 ;400 ;32 ;;;18 ;;;;48 ;401 ;256 ;145 ;638000 ;13400 ;;15000 ;40 ;34200 ;1710 ;2620 ;9 ;995 ;311 ;71912448 ;;;;3 ;;;;;;;;;;
;Japan;SH;H 950 x 400 x 19 x 25;I;950 ;19 ;400 ;25 ;;;18 ;;;;48 ;374 ;200 ;174 ;549000 ;11600 ;;13200 ;38 ;26700 ;1340 ;2080 ;8 ;622 ;249 ;57041667 ;;;;3 ;;;;;;;;;;
;Japan;SH;H 950 x 400 x 19 x 28;I;950 ;19 ;400 ;28 ;;;18 ;;;;48 ;397 ;224 ;173 ;595000 ;12500 ;;14200 ;39 ;29900 ;1500 ;2320 ;9 ;790 ;282 ;63472939 ;;;;3 ;;;;;;;;;;
;Japan;SH;H 950 x 400 x 19 x 32;I;950 ;19 ;400 ;32 ;;;18 ;;;;48 ;427 ;256 ;171 ;655000 ;13800 ;;15600 ;39 ;34200 ;1710 ;2640 ;9 ;1076 ;336 ;71912448 ;;;;3 ;;;;;;;;;;
;Japan;SH;H 950 x 400 x 19 x 36;I;950 ;19 ;400 ;36 ;;;18 ;;;;48 ;458 ;288 ;170 ;714000 ;15000 ;;16900 ;40 ;38500 ;1920 ;2960 ;9 ;1445 ;401 ;80198016 ;;;;3 ;;;;;;;;;;
;Japan;SH;H 950 x 400 x 19 x 40;I;950 ;19 ;400 ;40 ;;;18 ;;;;48 ;488 ;320 ;168 ;772000 ;16300 ;;18300 ;40 ;42700 ;2140 ;3280 ;9 ;1906 ;476 ;88330667 ;;;;3 ;;;;;;;;;;
;Japan;SH;H 1000 x 250 x 16 x 22;I;1000 ;16 ;250 ;22 ;;;18 ;;;;50 ;266 ;110 ;156 ;386000 ;7720 ;;9170 ;38 ;5770 ;461 ;752 ;5 ;308 ;140 ;13699641 ;;;;3 ;;;;;;;;;;
;Japan;SH;H 1000 x 250 x 16 x 25;I;1000 ;16 ;250 ;25 ;;;18 ;;;;50 ;280 ;125 ;155 ;418000 ;8350 ;;9830 ;39 ;6550 ;524 ;845 ;5 ;390 ;156 ;15472412 ;;;;3 ;;;;;;;;;;
;Japan;SH;H 1000 x 250 x 16 x 28;I;1000 ;16 ;250 ;28 ;;;18 ;;;;50 ;294 ;140 ;154 ;449000 ;8980 ;;10500 ;39 ;7330 ;586 ;939 ;5 ;495 ;177 ;17222625 ;;;;3 ;;;;;;;;;;
;Japan;SH;H 1000 x 250 x 16 x 32;I;1000 ;16 ;250 ;32 ;;;18 ;;;;50 ;313 ;160 ;153 ;490000 ;9810 ;;11400 ;40 ;8370 ;670 ;1060 ;5 ;674 ;211 ;19521333 ;;;;3 ;;;;;;;;;;
;Japan;SH;H 1000 x 250 x 19 x 25;I;1000 ;19 ;250 ;25 ;;;18 ;;;;50 ;308 ;125 ;183 ;439000 ;8780 ;;10500 ;38 ;6570 ;526 ;871 ;5 ;478 ;191 ;15472412 ;;;;3 ;;;;;;;;;;
;Japan;SH;H 1000 x 250 x 19 x 28;I;1000 ;19 ;250 ;28 ;;;18 ;;;;50 ;322 ;140 ;182 ;470000 ;9400 ;;11200 ;38 ;7350 ;588 ;964 ;5 ;582 ;208 ;17222625 ;;;;3 ;;;;;;;;;;
;Japan;SH;H 1000 x 250 x 19 x 32;I;1000 ;19 ;250 ;32 ;;;18 ;;;;50 ;341 ;160 ;181 ;511000 ;10200 ;;12000 ;39 ;8390 ;671 ;1090 ;5 ;760 ;238 ;19521333 ;;;;3 ;;;;;;;;;;
;Japan;SH;H 1000 x 250 x 19 x 36;I;1000 ;19 ;250 ;36 ;;;18 ;;;;50 ;359 ;180 ;179 ;551000 ;11000 ;;12900 ;39 ;9430 ;755 ;1210 ;5 ;990 ;275 ;21780375 ;;;;3 ;;;;;;;;;;
;Japan;SH;H 1000 x 250 x 19 x 40;I;1000 ;19 ;250 ;40 ;;;18 ;;;;50 ;378 ;200 ;178 ;590000 ;11800 ;;13700 ;40 ;10500 ;838 ;1340 ;5 ;1277 ;319 ;24000000 ;;;;3 ;;;;;;;;;;
;Japan;SH;H 1000 x 300 x 16 x 22;I;1000 ;16 ;300 ;22 ;;;18 ;;;;50 ;288 ;132 ;156 ;438000 ;8770 ;;10200 ;39 ;9940 ;662 ;1050 ;6 ;343 ;156 ;23672979 ;;;;3 ;;;;;;;;;;
;Japan;SH;H 1000 x 300 x 16 x 25;I;1000 ;16 ;300 ;25 ;;;18 ;;;;50 ;305 ;150 ;155 ;477000 ;9540 ;;11100 ;40 ;11300 ;752 ;1190 ;6 ;442 ;177 ;26736328 ;;;;3 ;;;;;;;;;;
;Japan;SH;H 1000 x 300 x 16 x 28;I;1000 ;16 ;300 ;28 ;;;18 ;;;;50 ;322 ;168 ;154 ;515000 ;10300 ;;11900 ;40 ;12600 ;842 ;1320 ;6 ;568 ;203 ;29760696 ;;;;3 ;;;;;;;;;;
;Japan;SH;H 1000 x 300 x 16 x 32;I;1000 ;16 ;300 ;32 ;;;18 ;;;;50 ;345 ;192 ;153 ;565000 ;11300 ;;12900 ;41 ;14400 ;962 ;1500 ;6 ;783 ;245 ;33732864 ;;;;3 ;;;;;;;;;;
;Japan;SH;H 1000 x 300 x 19 x 25;I;1000 ;19 ;300 ;25 ;;;18 ;;;;50 ;333 ;150 ;183 ;498000 ;9970 ;;11700 ;39 ;11300 ;754 ;1210 ;6 ;530 ;212 ;26736328 ;;;;3 ;;;;;;;;;;
;Japan;SH;H 1000 x 300 x 19 x 28;I;1000 ;19 ;300 ;28 ;;;18 ;;;;50 ;350 ;168 ;182 ;536000 ;10700 ;;12500 ;39 ;12700 ;844 ;1350 ;6 ;655 ;234 ;29760696 ;;;;3 ;;;;;;;;;;
;Japan;SH;H 1000 x 300 x 19 x 32;I;1000 ;19 ;300 ;32 ;;;18 ;;;;50 ;373 ;192 ;181 ;586000 ;11700 ;;13600 ;40 ;14500 ;964 ;1530 ;6 ;869 ;272 ;33732864 ;;;;3 ;;;;;;;;;;
;Japan;SH;H 1000 x 300 x 19 x 36;I;1000 ;19 ;300 ;36 ;;;18 ;;;;50 ;395 ;216 ;179 ;634000 ;12700 ;;14600 ;40 ;16300 ;1080 ;1710 ;6 ;1145 ;318 ;37636488 ;;;;3 ;;;;;;;;;;
;Japan;SH;H 1000 x 300 x 19 x 40;I;1000 ;19 ;300 ;40 ;;;18 ;;;;50 ;418 ;240 ;178 ;682000 ;13600 ;;15700 ;40 ;18100 ;1200 ;1890 ;7 ;1490 ;373 ;41472000 ;;;;3 ;;;;;;;;;;
;Japan;SH;H 1000 x 350 x 16 x 22;I;1000 ;16 ;350 ;22 ;;;18 ;;;;50 ;310 ;154 ;156 ;491000 ;9820 ;;11300 ;40 ;15800 ;900 ;1410 ;7 ;379 ;172 ;37591814 ;;;;3 ;;;;;;;;;;
;Japan;SH;H 1000 x 350 x 16 x 25;I;1000 ;16 ;350 ;25 ;;;18 ;;;;50 ;330 ;175 ;155 ;536000 ;10700 ;;12300 ;40 ;17900 ;1020 ;1600 ;7 ;494 ;198 ;42456299 ;;;;3 ;;;;;;;;;;
;Japan;SH;H 1000 x 350 x 16 x 28;I;1000 ;16 ;350 ;28 ;;;18 ;;;;50 ;350 ;196 ;154 ;581000 ;11600 ;;13200 ;41 ;20000 ;1150 ;1780 ;8 ;641 ;229 ;47258883 ;;;;3 ;;;;;;;;;;
;Japan;SH;H 1000 x 350 x 16 x 32;I;1000 ;16 ;350 ;32 ;;;18 ;;;;50 ;377 ;224 ;153 ;640000 ;12800 ;;14500 ;41 ;22900 ;1310 ;2020 ;8 ;892 ;279 ;53566539 ;;;;3 ;;;;;;;;;;
;Japan;SH;H 1000 x 350 x 19 x 25;I;1000 ;19 ;350 ;25 ;;;18 ;;;;50 ;358 ;175 ;183 ;558000 ;11200 ;;12900 ;40 ;17900 ;1020 ;1620 ;7 ;582 ;233 ;42456299 ;;;;3 ;;;;;;;;;;
;Japan;SH;H 1000 x 350 x 19 x 28;I;1000 ;19 ;350 ;28 ;;;18 ;;;;50 ;378 ;196 ;182 ;602000 ;12000 ;;13900 ;40 ;20100 ;1150 ;1800 ;7 ;728 ;260 ;47258883 ;;;;3 ;;;;;;;;;;
;Japan;SH;H 1000 x 350 x 19 x 32;I;1000 ;19 ;350 ;32 ;;;18 ;;;;50 ;405 ;224 ;181 ;661000 ;13200 ;;15100 ;40 ;22900 ;1310 ;2050 ;8 ;979 ;306 ;53566539 ;;;;3 ;;;;;;;;;;
;Japan;SH;H 1000 x 350 x 19 x 36;I;1000 ;19 ;350 ;36 ;;;18 ;;;;50 ;431 ;252 ;179 ;718000 ;14400 ;;16400 ;41 ;25800 ;1470 ;2290 ;8 ;1301 ;361 ;59765349 ;;;;3 ;;;;;;;;;;
;Japan;SH;H 1000 x 350 x 19 x 40;I;1000 ;19 ;350 ;40 ;;;18 ;;;;50 ;458 ;280 ;178 ;775000 ;15500 ;;17600 ;41 ;28600 ;1640 ;2540 ;8 ;1704 ;426 ;65856000 ;;;;3 ;;;;;;;;;;
;Japan;SH;H 1000 x 400 x 16 x 22;I;1000 ;16 ;400 ;22 ;;;18 ;;;;50 ;332 ;176 ;156 ;544000 ;10900 ;;12400 ;41 ;23500 ;1180 ;1820 ;8 ;414 ;188 ;56113728 ;;;;3 ;;;;;;;;;;
;Japan;SH;H 1000 x 400 x 16 x 25;I;1000 ;16 ;400 ;25 ;;;18 ;;;;50 ;355 ;200 ;155 ;596000 ;11900 ;;13500 ;41 ;26700 ;1340 ;2060 ;9 ;546 ;219 ;63375000 ;;;;3 ;;;;;;;;;;
;Japan;SH;H 1000 x 400 x 16 x 28;I;1000 ;16 ;400 ;28 ;;;18 ;;;;50 ;378 ;224 ;154 ;647000 ;12900 ;;14600 ;41 ;29900 ;1500 ;2300 ;9 ;714 ;255 ;70543872 ;;;;3 ;;;;;;;;;;
;Japan;SH;H 1000 x 400 x 16 x 32;I;1000 ;16 ;400 ;32 ;;;18 ;;;;50 ;409 ;256 ;153 ;715000 ;14300 ;;16000 ;42 ;34200 ;1710 ;2620 ;9 ;1002 ;313 ;79959381 ;;;;3 ;;;;;;;;;;
;Japan;SH;H 1000 x 400 x 19 x 25;I;1000 ;19 ;400 ;25 ;;;18 ;;;;50 ;383 ;200 ;183 ;617000 ;12300 ;;14200 ;40 ;26700 ;1340 ;2090 ;8 ;634 ;254 ;63375000 ;;;;3 ;;;;;;;;;;
;Japan;SH;H 1000 x 400 x 19 x 28;I;1000 ;19 ;400 ;28 ;;;18 ;;;;50 ;406 ;224 ;182 ;669000 ;13400 ;;15200 ;41 ;29900 ;1500 ;2330 ;9 ;801 ;286 ;70543872 ;;;;3 ;;;;;;;;;;
;Japan;SH;H 1000 x 400 x 19 x 32;I;1000 ;19 ;400 ;32 ;;;18 ;;;;50 ;437 ;256 ;181 ;736000 ;14700 ;;16700 ;41 ;34200 ;1710 ;2650 ;9 ;1088 ;340 ;79959381 ;;;;3 ;;;;;;;;;;
;Japan;SH;H 1000 x 400 x 19 x 36;I;1000 ;19 ;400 ;36 ;;;18 ;;;;50 ;467 ;288 ;179 ;802000 ;16000 ;;18100 ;41 ;38500 ;1920 ;2970 ;9 ;1456 ;405 ;89212416 ;;;;3 ;;;;;;;;;;
;Japan;SH;H 1000 x 400 x 19 x 40;I;1000 ;19 ;400 ;40 ;;;18 ;;;;50 ;498 ;320 ;178 ;867000 ;17300 ;;19500 ;42 ;42700 ;2140 ;3290 ;9 ;1917 ;479 ;98304000 ;;;;3 ;;;;;;;;;;
#;;;;;Depth;thickness;Upper Width;thickness;Lower Width;thickness;;Eccentricity;Eccentricity;Eccentricity;Position;Area;effective;effective;Second;Elastic;Elastic;Plastic;Radius;Second;Elastic;Plastic;Radius;Torsional;Elastic;;Imerfection;Imerfection;Imerfection;Type
#;;;;;of;of;of;of upper;of;of lower;Root;in local;in local;in local;of;of;Vy shear;Vz shear;Moment;Modulus;Modulus;Modulus;of;Moment;Modulus;Modulus;of;Constant;Modulus;;value;value;value;of
#;;;;;Section;Web;Section;Flange;Section;Flange;Radius;X-direction;Y-direction;Z-direction;Centroid;Section;Area ;Area ;of Area;upper;lower;;Gyration;of Area;;;Gyration;Inertia;Torsion;;f. buckling;f. buckling;f. lateral tors-;Product
#;;;;;;;;;;;;;;;;;;;(strong axis);(strong axis);(strong axis);(strong axis);(strong axis);(weak axis);(weak axis);(weak axis);(weak axis);;;;(strong axis);(weak axis);ional buckling;(*)
#;country;family;name;shape;h;t_web;b_upper;t_upper;b_lower;t_lower;r;ex;ey;ez;zs;A;Ay;Az;Iy;Wy;;Wply;i_y;Iz;Wz;Wplz;i_z;It;Wt;Cw;alpha_y;alpha_z;alpha_LT;Product
#;;;;;mm;mm;mm;mm;mm;mm;mm;cm;cm;cm;cm;cm2;cm2;cm2;cm4;cm3;;cm3;cm;cm4;cm3;cm3;cm;cm4;cm3;cm6;-;-;-;-
;Japan;BCP;BCP 400x12;[];400 ;12 ;400 ;12 ;;;42 ;;;;;179 ;89 ;89 ;43800 ;2190 ;;2560 ;16 ;43800 ;2190 ;2560 ;16 ;70093 ;3505 ;0 ;;;;0 ;
;Japan;BCP;BCP 400x16;[];400 ;16 ;400 ;16 ;;;56 ;;;;;233 ;116 ;116 ;55200 ;2760 ;;3280 ;15 ;55200 ;2760 ;3280 ;15 ;90597 ;4530 ;0 ;;;;0 ;
;Japan;BCP;BCP 400x19;[];400 ;19 ;400 ;19 ;;;67 ;;;;;271 ;136 ;136 ;62800 ;3140 ;;3770 ;15 ;62800 ;3140 ;3770 ;15 ;105082 ;5254 ;0 ;;;;0 ;
;Japan;BCP;BCP 400x22;[];400 ;22 ;400 ;22 ;;;77 ;;;;;308 ;154 ;154 ;69500 ;3480 ;;4220 ;15 ;69500 ;3480 ;4220 ;15 ;118822 ;5941 ;0 ;;;;0 ;
;Japan;BCP;BCP 400x25;[];400 ;25 ;400 ;25 ;;;88 ;;;;;343 ;171 ;171 ;75400 ;3770 ;;4640 ;15 ;75400 ;3770 ;4640 ;15 ;131836 ;6592 ;0 ;;;;0 ;
;Japan;BCP;BCP 400x28;[];400 ;28 ;400 ;28 ;;;98 ;;;;;376 ;188 ;188 ;80600 ;4030 ;;5010 ;15 ;80600 ;4030 ;5010 ;15 ;144141 ;7207 ;0 ;;;;0 ;
;Japan;BCP;BCP 400x32;[];400 ;32 ;400 ;32 ;;;112 ;;;;;418 ;209 ;209 ;86200 ;4310 ;;5460 ;14 ;86200 ;4310 ;5460 ;14 ;159475 ;7974 ;0 ;;;;0 ;
;Japan;BCP;BCP 450x12;[];450 ;12 ;450 ;12 ;;;42 ;;;;;203 ;101 ;101 ;63500 ;2820 ;;3290 ;18 ;63500 ;2820 ;3290 ;18 ;100833 ;4481 ;0 ;;;;0 ;
;Japan;BCP;BCP 450x16;[];450 ;16 ;450 ;16 ;;;56 ;;;;;265 ;132 ;132 ;80600 ;3580 ;;4230 ;18 ;80600 ;3580 ;4230 ;18 ;130794 ;5813 ;0 ;;;;0 ;
;Japan;BCP;BCP 450x19;[];450 ;19 ;450 ;19 ;;;67 ;;;;;309 ;155 ;155 ;92200 ;4100 ;;4880 ;17 ;92200 ;4100 ;4880 ;17 ;152120 ;6761 ;0 ;;;;0 ;
;Japan;BCP;BCP 450x22;[];450 ;22 ;450 ;22 ;;;77 ;;;;;352 ;176 ;176 ;103000 ;4560 ;;5490 ;17 ;103000 ;4560 ;5490 ;17 ;172486 ;7666 ;0 ;;;;0 ;
;Japan;BCP;BCP 450x25;[];450 ;25 ;450 ;25 ;;;88 ;;;;;393 ;196 ;196 ;112000 ;4980 ;;6050 ;17 ;112000 ;4980 ;6050 ;17 ;191914 ;8530 ;0 ;;;;0 ;
;Japan;BCP;BCP 450x28;[];450 ;28 ;450 ;28 ;;;98 ;;;;;432 ;216 ;216 ;121000 ;5360 ;;6580 ;17 ;121000 ;5360 ;6580 ;17 ;210424 ;9352 ;0 ;;;;0 ;
;Japan;BCP;BCP 450x32;[];450 ;32 ;450 ;32 ;;;112 ;;;;;482 ;241 ;241 ;130000 ;5780 ;;7210 ;16 ;130000 ;5780 ;7210 ;16 ;233711 ;10387 ;0 ;;;;0 ;
;Japan;BCP;BCP 500x12;[];500 ;12 ;500 ;12 ;;;42 ;;;;;227 ;113 ;113 ;88400 ;3540 ;;4100 ;20 ;88400 ;3540 ;4100 ;20 ;139457 ;5578 ;0 ;;;;0 ;
;Japan;BCP;BCP 500x16;[];500 ;16 ;500 ;16 ;;;56 ;;;;;297 ;148 ;148 ;113000 ;4510 ;;5290 ;20 ;113000 ;4510 ;5290 ;20 ;181408 ;7256 ;0 ;;;;0 ;
;Japan;BCP;BCP 500x19;[];500 ;19 ;500 ;19 ;;;67 ;;;;;347 ;174 ;174 ;130000 ;5180 ;;6130 ;19 ;130000 ;5180 ;6130 ;19 ;211441 ;8458 ;0 ;;;;0 ;
;Japan;BCP;BCP 500x22;[];500 ;22 ;500 ;22 ;;;77 ;;;;;396 ;198 ;198 ;145000 ;5800 ;;6920 ;19 ;145000 ;5800 ;6920 ;19 ;240274 ;9611 ;0 ;;;;0 ;
;Japan;BCP;BCP 500x25;[];500 ;25 ;500 ;25 ;;;88 ;;;;;443 ;221 ;221 ;159000 ;6360 ;;7660 ;19 ;159000 ;6360 ;7660 ;19 ;267930 ;10717 ;0 ;;;;0 ;
;Japan;BCP;BCP 500x28;[];500 ;28 ;500 ;28 ;;;98 ;;;;;488 ;244 ;244 ;172000 ;6870 ;;8360 ;19 ;172000 ;6870 ;8360 ;19 ;294431 ;11777 ;0 ;;;;0 ;
;Japan;BCP;BCP 500x32;[];500 ;32 ;500 ;32 ;;;112 ;;;;;546 ;273 ;273 ;187000 ;7470 ;;9210 ;19 ;187000 ;7470 ;9210 ;19 ;328010 ;13120 ;0 ;;;;0 ;
;Japan;BCP;BCP 500x36;[];500 ;36 ;500 ;36 ;;;126 ;;;;;601 ;301 ;301 ;200000 ;7990 ;;9970 ;18 ;200000 ;7990 ;9970 ;18 ;359630 ;14385 ;0 ;;;;0 ;
;Japan;BCP;BCP 500x40;[];500 ;40 ;500 ;40 ;;;140 ;;;;;654 ;327 ;327 ;210000 ;8420 ;;10700 ;18 ;210000 ;8420 ;10700 ;18 ;389344 ;15574 ;0 ;;;;0 ;
;Japan;BCP;BCP 550x12;[];550 ;12 ;550 ;12 ;;;42 ;;;;;251 ;125 ;125 ;119000 ;4330 ;;5010 ;22 ;119000 ;4330 ;5010 ;22 ;186865 ;6795 ;0 ;;;;0 ;
;Japan;BCP;BCP 550x16;[];550 ;16 ;550 ;16 ;;;56 ;;;;;329 ;164 ;164 ;153000 ;5550 ;;6480 ;22 ;153000 ;5550 ;6480 ;22 ;243637 ;8860 ;0 ;;;;0 ;
;Japan;BCP;BCP 550x19;[];550 ;19 ;550 ;19 ;;;67 ;;;;;385 ;193 ;193 ;176000 ;6390 ;;7530 ;21 ;176000 ;6390 ;7530 ;21 ;284470 ;10344 ;0 ;;;;0 ;
;Japan;BCP;BCP 550x22;[];550 ;22 ;550 ;22 ;;;77 ;;;;;440 ;220 ;220 ;197000 ;7180 ;;8520 ;21 ;197000 ;7180 ;8520 ;21 ;323835 ;11776 ;0 ;;;;0 ;
;Japan;BCP;BCP 550x25;[];550 ;25 ;550 ;25 ;;;88 ;;;;;493 ;246 ;246 ;217000 ;7900 ;;9460 ;21 ;217000 ;7900 ;9460 ;21 ;361758 ;13155 ;0 ;;;;0 ;
;Japan;BCP;BCP 550x28;[];550 ;28 ;550 ;28 ;;;98 ;;;;;544 ;272 ;272 ;236000 ;8570 ;;10300 ;21 ;236000 ;8570 ;10300 ;21 ;398263 ;14482 ;0 ;;;;0 ;
;Japan;BCP;BCP 550x32;[];550 ;32 ;550 ;32 ;;;112 ;;;;;610 ;305 ;305 ;258000 ;9380 ;;11400 ;21 ;258000 ;9380 ;11400 ;21 ;444774 ;16174 ;0 ;;;;0 ;
;Japan;BCP;BCP 550x36;[];550 ;36 ;550 ;36 ;;;126 ;;;;;673 ;337 ;337 ;277000 ;10100 ;;12400 ;20 ;277000 ;10100 ;12400 ;20 ;488868 ;17777 ;0 ;;;;0 ;
;Japan;BCP;BCP 550x40;[];550 ;40 ;550 ;40 ;;;140 ;;;;;734 ;367 ;367 ;294000 ;10700 ;;13400 ;20 ;294000 ;10700 ;13400 ;20 ;530604 ;19295 ;0 ;;;;0 ;
;Japan;BCP;BCP 600x12;[];600 ;12 ;600 ;12 ;;;42 ;;;;;275 ;137 ;137 ;156000 ;5200 ;;6000 ;24 ;156000 ;5200 ;6000 ;24 ;243957 ;8132 ;0 ;;;;0 ;
;Japan;BCP;BCP 600x16;[];600 ;16 ;600 ;16 ;;;56 ;;;;;361 ;180 ;180 ;201000 ;6690 ;;7790 ;24 ;201000 ;6690 ;7790 ;24 ;318683 ;10623 ;0 ;;;;0 ;
;Japan;BCP;BCP 600x19;[];600 ;19 ;600 ;19 ;;;67 ;;;;;423 ;212 ;212 ;232000 ;7730 ;;9070 ;23 ;232000 ;7730 ;9070 ;23 ;372634 ;12421 ;0 ;;;;0 ;
;Japan;BCP;BCP 600x22;[];600 ;22 ;600 ;22 ;;;77 ;;;;;484 ;242 ;242 ;261000 ;8710 ;;10300 ;23 ;261000 ;8710 ;10300 ;23 ;424821 ;14161 ;0 ;;;;0 ;
;Japan;BCP;BCP 600x25;[];600 ;25 ;600 ;25 ;;;88 ;;;;;543 ;271 ;271 ;288000 ;9620 ;;11400 ;23 ;288000 ;9620 ;11400 ;23 ;475273 ;15842 ;0 ;;;;0 ;
;Japan;BCP;BCP 600x28;[];600 ;28 ;600 ;28 ;;;98 ;;;;;600 ;300 ;300 ;314000 ;10500 ;;12500 ;23 ;314000 ;10500 ;12500 ;23 ;524018 ;17467 ;0 ;;;;0 ;
;Japan;BCP;BCP 600x32;[];600 ;32 ;600 ;32 ;;;112 ;;;;;674 ;337 ;337 ;345000 ;11500 ;;13900 ;23 ;345000 ;11500 ;13900 ;23 ;586401 ;19547 ;0 ;;;;0 ;
;Japan;BCP;BCP 600x36;[];600 ;36 ;600 ;36 ;;;126 ;;;;;745 ;373 ;373 ;372000 ;12400 ;;15200 ;22 ;372000 ;12400 ;15200 ;22 ;645862 ;21529 ;0 ;;;;0 ;
;Japan;BCP;BCP 600x40;[];600 ;40 ;600 ;40 ;;;140 ;;;;;814 ;407 ;407 ;397000 ;13200 ;;16400 ;22 ;397000 ;13200 ;16400 ;22 ;702464 ;23415 ;0 ;;;;0 ;
;Japan;BCP;BCP 600x45;[];600 ;45 ;600 ;45 ;;;158 ;;;;;895 ;447 ;447 ;423000 ;14100 ;;17700 ;22 ;423000 ;14100 ;17700 ;22 ;769292 ;25643 ;0 ;;;;0 ;
;Japan;BCP;BCP 650x16;[];650 ;16 ;650 ;16 ;;;56 ;;;;;393 ;196 ;196 ;258000 ;7940 ;;9220 ;26 ;258000 ;7940 ;9220 ;26 ;407744 ;12546 ;0 ;;;;0 ;
;Japan;BCP;BCP 650x19;[];650 ;19 ;650 ;19 ;;;67 ;;;;;461 ;231 ;231 ;299000 ;9200 ;;10700 ;26 ;299000 ;9200 ;10700 ;26 ;477355 ;14688 ;0 ;;;;0 ;
;Japan;BCP;BCP 650x22;[];650 ;22 ;650 ;22 ;;;77 ;;;;;528 ;264 ;264 ;337000 ;10400 ;;12200 ;25 ;337000 ;10400 ;12200 ;25 ;544881 ;16766 ;0 ;;;;0 ;
;Japan;BCP;BCP 650x25;[];650 ;25 ;650 ;25 ;;;88 ;;;;;593 ;296 ;296 ;374000 ;11500 ;;13600 ;25 ;374000 ;11500 ;13600 ;25 ;610352 ;18780 ;0 ;;;;0 ;
;Japan;BCP;BCP 650x28;[];650 ;28 ;650 ;28 ;;;98 ;;;;;656 ;328 ;328 ;407000 ;12500 ;;14900 ;25 ;407000 ;12500 ;14900 ;25 ;673797 ;20732 ;0 ;;;;0 ;
;Japan;BCP;BCP 650x32;[];650 ;32 ;650 ;32 ;;;112 ;;;;;738 ;369 ;369 ;449000 ;13800 ;;16600 ;25 ;449000 ;13800 ;16600 ;25 ;755293 ;23240 ;0 ;;;;0 ;
;Japan;BCP;BCP 650x36;[];650 ;36 ;650 ;36 ;;;126 ;;;;;817 ;409 ;409 ;487000 ;15000 ;;18200 ;24 ;487000 ;15000 ;18200 ;24 ;833312 ;25640 ;0 ;;;;0 ;
;Japan;BCP;BCP 650x40;[];650 ;40 ;650 ;40 ;;;140 ;;;;;894 ;447 ;447 ;521000 ;16000 ;;19700 ;24 ;521000 ;16000 ;19700 ;24 ;907924 ;27936 ;0 ;;;;0 ;
;Japan;BCP;BCP 650x45;[];650 ;45 ;650 ;45 ;;;158 ;;;;;985 ;492 ;492 ;558000 ;17200 ;;21300 ;24 ;558000 ;17200 ;21300 ;24 ;996503 ;30662 ;0 ;;;;0 ;
;Japan;BCP;BCP 650x50;[];650 ;50 ;650 ;50 ;;;175 ;;;;;1071 ;536 ;536 ;590000 ;18200 ;;22900 ;24 ;590000 ;18200 ;22900 ;24 ;1080000 ;33231 ;0 ;;;;0 ;
;Japan;BCP;BCP 700x16;[];700 ;16 ;700 ;16 ;;;56 ;;;;;425 ;212 ;212 ;325000 ;9300 ;;10800 ;28 ;325000 ;9300 ;10800 ;28 ;512022 ;14629 ;0 ;;;;0 ;
;Japan;BCP;BCP 700x19;[];700 ;19 ;700 ;19 ;;;67 ;;;;;499 ;250 ;250 ;378000 ;10800 ;;12600 ;28 ;378000 ;10800 ;12600 ;28 ;600060 ;17145 ;0 ;;;;0 ;
;Japan;BCP;BCP 700x22;[];700 ;22 ;700 ;22 ;;;77 ;;;;;572 ;286 ;286 ;427000 ;12200 ;;14300 ;27 ;427000 ;12200 ;14300 ;27 ;685665 ;19590 ;0 ;;;;0 ;
;Japan;BCP;BCP 700x25;[];700 ;25 ;700 ;25 ;;;88 ;;;;;643 ;321 ;321 ;474000 ;13500 ;;16000 ;27 ;474000 ;13500 ;16000 ;27 ;768867 ;21968 ;0 ;;;;0 ;
;Japan;BCP;BCP 700x28;[];700 ;28 ;700 ;28 ;;;98 ;;;;;712 ;356 ;356 ;518000 ;14800 ;;17600 ;27 ;518000 ;14800 ;17600 ;27 ;849700 ;24277 ;0 ;;;;0 ;
;Japan;BCP;BCP 700x32;[];700 ;32 ;700 ;32 ;;;112 ;;;;;802 ;401 ;401 ;573000 ;16400 ;;19600 ;27 ;573000 ;16400 ;19600 ;27 ;953848 ;27253 ;0 ;;;;0 ;
;Japan;BCP;BCP 700x36;[];700 ;36 ;700 ;36 ;;;126 ;;;;;889 ;445 ;445 ;623000 ;17800 ;;21500 ;27 ;623000 ;17800 ;21500 ;27 ;1053918 ;30112 ;0 ;;;;0 ;
;Japan;BCP;BCP 700x40;[];700 ;40 ;700 ;40 ;;;140 ;;;;;974 ;487 ;487 ;669000 ;19100 ;;23300 ;26 ;669000 ;19100 ;23300 ;26 ;1149984 ;32857 ;0 ;;;;0 ;
;Japan;BCP;BCP 700x45;[];700 ;45 ;700 ;45 ;;;158 ;;;;;1075 ;538 ;538 ;720000 ;20600 ;;25300 ;26 ;720000 ;20600 ;25300 ;26 ;1264551 ;36130 ;0 ;;;;0 ;
;Japan;BCP;BCP 700x50;[];700 ;50 ;700 ;50 ;;;175 ;;;;;1171 ;586 ;586 ;764000 ;21800 ;;27200 ;26 ;764000 ;21800 ;27200 ;26 ;1373125 ;39232 ;0 ;;;;0 ;
;Japan;BCP;BCP 750x19;[];750 ;19 ;750 ;19 ;;;67 ;;;;;537 ;269 ;269 ;469000 ;12500 ;;14500 ;30 ;469000 ;12500 ;14500 ;30 ;742174 ;19791 ;0 ;;;;0 ;
;Japan;BCP;BCP 750x22;[];750 ;22 ;750 ;22 ;;;77 ;;;;;616 ;308 ;308 ;531000 ;14200 ;;16600 ;29 ;531000 ;14200 ;16600 ;29 ;848822 ;22635 ;0 ;;;;0 ;
;Japan;BCP;BCP 750x25;[];750 ;25 ;750 ;25 ;;;88 ;;;;;693 ;346 ;346 ;591000 ;15700 ;;18500 ;29 ;591000 ;15700 ;18500 ;29 ;952695 ;25405 ;0 ;;;;0 ;
;Japan;BCP;BCP 750x28;[];750 ;28 ;750 ;28 ;;;98 ;;;;;768 ;384 ;384 ;647000 ;17200 ;;20400 ;29 ;647000 ;17200 ;20400 ;29 ;1053828 ;28102 ;0 ;;;;0 ;
;Japan;BCP;BCP 750x32;[];750 ;32 ;750 ;32 ;;;112 ;;;;;866 ;433 ;433 ;717000 ;19100 ;;22800 ;29 ;717000 ;19100 ;22800 ;29 ;1184468 ;31586 ;0 ;;;;0 ;
;Japan;BCP;BCP 750x36;[];750 ;36 ;750 ;36 ;;;126 ;;;;;961 ;481 ;481 ;782000 ;20900 ;;25000 ;29 ;782000 ;20900 ;25000 ;29 ;1310380 ;34943 ;0 ;;;;0 ;
;Japan;BCP;BCP 750x40;[];750 ;40 ;750 ;40 ;;;140 ;;;;;1054 ;527 ;527 ;842000 ;22400 ;;27200 ;28 ;842000 ;22400 ;27200 ;28 ;1431644 ;38177 ;0 ;;;;0 ;
;Japan;BCP;BCP 750x45;[];750 ;45 ;750 ;45 ;;;158 ;;;;;1165 ;583 ;583 ;909000 ;24200 ;;29700 ;28 ;909000 ;24200 ;29700 ;28 ;1576812 ;42048 ;0 ;;;;0 ;
;Japan;BCP;BCP 750x50;[];750 ;50 ;750 ;50 ;;;175 ;;;;;1271 ;636 ;636 ;969000 ;25800 ;;32000 ;28 ;969000 ;25800 ;32000 ;28 ;1715000 ;45733 ;0 ;;;;0 ;
;Japan;BCP;BCP 800x19;[];800 ;19 ;800 ;19 ;;;67 ;;;;;575 ;288 ;288 ;574000 ;14300 ;;16600 ;32 ;574000 ;14300 ;16600 ;32 ;905121 ;22628 ;0 ;;;;0 ;
;Japan;BCP;BCP 800x22;[];800 ;22 ;800 ;22 ;;;77 ;;;;;660 ;330 ;330 ;651000 ;16300 ;;19000 ;31 ;651000 ;16300 ;19000 ;31 ;1036004 ;25900 ;0 ;;;;0 ;
;Japan;BCP;BCP 800x25;[];800 ;25 ;800 ;25 ;;;88 ;;;;;743 ;371 ;371 ;725000 ;18100 ;;21200 ;31 ;725000 ;18100 ;21200 ;31 ;1163711 ;29093 ;0 ;;;;0 ;
;Japan;BCP;BCP 800x28;[];800 ;28 ;800 ;28 ;;;98 ;;;;;824 ;412 ;412 ;795000 ;19900 ;;23400 ;31 ;795000 ;19900 ;23400 ;31 ;1288279 ;32207 ;0 ;;;;0 ;
;Japan;BCP;BCP 800x32;[];800 ;32 ;800 ;32 ;;;112 ;;;;;930 ;465 ;465 ;884000 ;22100 ;;26200 ;31 ;884000 ;22100 ;26200 ;31 ;1449551 ;36239 ;0 ;;;;0 ;
;Japan;BCP;BCP 800x36;[];800 ;36 ;800 ;36 ;;;126 ;;;;;1033 ;517 ;517 ;966000 ;24100 ;;28900 ;31 ;966000 ;24100 ;28900 ;31 ;1605397 ;40135 ;0 ;;;;0 ;
;Japan;BCP;BCP 800x40;[];800 ;40 ;800 ;40 ;;;140 ;;;;;1134 ;567 ;567 ;1040000 ;26100 ;;31400 ;30 ;1040000 ;26100 ;31400 ;30 ;1755904 ;43898 ;0 ;;;;0 ;
;Japan;BCP;BCP 800x45;[];800 ;45 ;800 ;45 ;;;158 ;;;;;1255 ;628 ;628 ;1130000 ;28200 ;;34300 ;30 ;1130000 ;28200 ;34300 ;30 ;1936660 ;48416 ;0 ;;;;0 ;
;Japan;BCP;BCP 800x50;[];800 ;50 ;800 ;50 ;;;175 ;;;;;1371 ;686 ;686 ;1210000 ;30200 ;;37100 ;30 ;1210000 ;30200 ;37100 ;30 ;2109375 ;52734 ;0 ;;;;0 ;
;Japan;BCP;BCP 850x19;[];850 ;19 ;850 ;19 ;;;67 ;;;;;613 ;307 ;307 ;694000 ;16300 ;;18900 ;34 ;694000 ;16300 ;18900 ;34 ;1090327 ;25655 ;0 ;;;;0 ;
;Japan;BCP;BCP 850x22;[];850 ;22 ;850 ;22 ;;;77 ;;;;;704 ;352 ;352 ;788000 ;18500 ;;21600 ;34 ;788000 ;18500 ;21600 ;34 ;1248860 ;29385 ;0 ;;;;0 ;
;Japan;BCP;BCP 850x25;[];850 ;25 ;850 ;25 ;;;88 ;;;;;793 ;396 ;396 ;879000 ;20700 ;;24200 ;33 ;879000 ;20700 ;24200 ;33 ;1403789 ;33030 ;0 ;;;;0 ;
;Japan;BCP;BCP 850x28;[];850 ;28 ;850 ;28 ;;;98 ;;;;;880 ;440 ;440 ;965000 ;22700 ;;26700 ;33 ;965000 ;22700 ;26700 ;33 ;1555154 ;36592 ;0 ;;;;0 ;
;Japan;BCP;BCP 850x32;[];850 ;32 ;850 ;32 ;;;112 ;;;;;994 ;497 ;497 ;1070000 ;25300 ;;29900 ;33 ;1070000 ;25300 ;29900 ;33 ;1751499 ;41212 ;0 ;;;;0 ;
;Japan;BCP;BCP 850x36;[];850 ;36 ;850 ;36 ;;;126 ;;;;;1105 ;553 ;553 ;1180000 ;27700 ;;33000 ;33 ;1180000 ;27700 ;33000 ;33 ;1941671 ;45686 ;0 ;;;;0 ;
;Japan;BCP;BCP 850x40;[];850 ;40 ;850 ;40 ;;;140 ;;;;;1214 ;607 ;607 ;1270000 ;29900 ;;35900 ;32 ;1270000 ;29900 ;35900 ;32 ;2125764 ;50018 ;0 ;;;;0 ;
;Japan;BCP;BCP 850x45;[];850 ;45 ;850 ;45 ;;;158 ;;;;;1345 ;673 ;673 ;1380000 ;32500 ;;39300 ;32 ;1380000 ;32500 ;39300 ;32 ;2347471 ;55235 ;0 ;;;;0 ;
;Japan;BCP;BCP 850x50;[];850 ;50 ;850 ;50 ;;;175 ;;;;;1471 ;736 ;736 ;1480000 ;34900 ;;42600 ;32 ;1480000 ;34900 ;42600 ;32 ;2560000 ;60235 ;0 ;;;;0 ;
;Japan;BCP;BCP 900x19;[];900 ;19 ;900 ;19 ;;;67 ;;;;;651 ;326 ;326 ;829000 ;18400 ;;21300 ;36 ;829000 ;18400 ;21300 ;36 ;1299216 ;28871 ;0 ;;;;0 ;
;Japan;BCP;BCP 900x22;[];900 ;22 ;900 ;22 ;;;77 ;;;;;748 ;374 ;374 ;943000 ;21000 ;;24300 ;36 ;943000 ;21000 ;24300 ;36 ;1489040 ;33090 ;0 ;;;;0 ;
;Japan;BCP;BCP 900x25;[];900 ;25 ;900 ;25 ;;;88 ;;;;;843 ;421 ;421 ;1050000 ;23400 ;;27300 ;35 ;1050000 ;23400 ;27300 ;35 ;1674805 ;37218 ;0 ;;;;0 ;
;Japan;BCP;BCP 900x28;[];900 ;28 ;900 ;28 ;;;98 ;;;;;936 ;468 ;468 ;1160000 ;25700 ;;30100 ;35 ;1160000 ;25700 ;30100 ;35 ;1856554 ;41257 ;0 ;;;;0 ;
;Japan;BCP;BCP 900x32;[];900 ;32 ;900 ;32 ;;;112 ;;;;;1058 ;529 ;529 ;1290000 ;28700 ;;33800 ;35 ;1290000 ;28700 ;33800 ;35 ;2092711 ;46505 ;0 ;;;;0 ;
;Japan;BCP;BCP 900x36;[];900 ;36 ;900 ;36 ;;;126 ;;;;;1177 ;589 ;589 ;1420000 ;31500 ;;37300 ;35 ;1420000 ;31500 ;37300 ;35 ;2321901 ;51598 ;0 ;;;;0 ;
;Japan;BCP;BCP 900x40;[];900 ;40 ;900 ;40 ;;;140 ;;;;;1294 ;647 ;647 ;1530000 ;34100 ;;40700 ;34 ;1530000 ;34100 ;40700 ;34 ;2544224 ;56538 ;0 ;;;;0 ;
;Japan;BCP;BCP 900x45;[];900 ;45 ;900 ;45 ;;;158 ;;;;;1435 ;718 ;718 ;1670000 ;37100 ;;44700 ;34 ;1670000 ;37100 ;44700 ;34 ;2812619 ;62503 ;0 ;;;;0 ;
;Japan;BCP;BCP 900x50;[];900 ;50 ;900 ;50 ;;;175 ;;;;;1571 ;786 ;786 ;1790000 ;39900 ;;48400 ;34 ;1790000 ;39900 ;48400 ;34 ;3070625 ;68236 ;0 ;;;;0 ;
;Japan;BCP;BCP 950x22;[];950 ;22 ;950 ;22 ;;;77 ;;;;;792 ;396 ;396 ;1120000 ;23500 ;;27200 ;38 ;1120000 ;23500 ;27200 ;38 ;1758193 ;37015 ;0 ;;;;0 ;
;Japan;BCP;BCP 950x25;[];950 ;25 ;950 ;25 ;;;88 ;;;;;893 ;446 ;446 ;1250000 ;26300 ;;30600 ;37 ;1250000 ;26300 ;30600 ;37 ;1978633 ;41655 ;0 ;;;;0 ;
;Japan;BCP;BCP 950x28;[];950 ;28 ;950 ;28 ;;;98 ;;;;;992 ;496 ;496 ;1370000 ;28900 ;;33800 ;37 ;1370000 ;28900 ;33800 ;37 ;2194577 ;46202 ;0 ;;;;0 ;
;Japan;BCP;BCP 950x32;[];950 ;32 ;950 ;32 ;;;112 ;;;;;1122 ;561 ;561 ;1530000 ;32300 ;;38000 ;37 ;1530000 ;32300 ;38000 ;37 ;2475586 ;52118 ;0 ;;;;0 ;
;Japan;BCP;BCP 950x36;[];950 ;36 ;950 ;36 ;;;126 ;;;;;1249 ;625 ;625 ;1680000 ;35500 ;;42000 ;37 ;1680000 ;35500 ;42000 ;37 ;2748787 ;57869 ;0 ;;;;0 ;
;Japan;BCP;BCP 950x40;[];950 ;40 ;950 ;40 ;;;140 ;;;;;1374 ;687 ;687 ;1830000 ;38500 ;;45800 ;37 ;1830000 ;38500 ;45800 ;37 ;3014284 ;63459 ;0 ;;;;0 ;
;Japan;BCP;BCP 950x45;[];950 ;45 ;950 ;45 ;;;158 ;;;;;1525 ;763 ;763 ;1990000 ;42000 ;;50400 ;36 ;1990000 ;42000 ;50400 ;36 ;3335479 ;70221 ;0 ;;;;0 ;
;Japan;BCP;BCP 950x50;[];950 ;50 ;950 ;50 ;;;175 ;;;;;1671 ;836 ;836 ;2150000 ;45200 ;;54700 ;36 ;2150000 ;45200 ;54700 ;36 ;3645000 ;76737 ;0 ;;;;0 ;
;Japan;BCP;BCP 1000x22;[];1000 ;22 ;1000 ;22 ;;;77 ;;;;;836 ;418 ;418 ;1310000 ;26200 ;;30300 ;40 ;1310000 ;26200 ;30300 ;40 ;2057971 ;41159 ;0 ;;;;0 ;
;Japan;BCP;BCP 1000x25;[];1000 ;25 ;1000 ;25 ;;;88 ;;;;;943 ;471 ;471 ;1470000 ;29300 ;;34000 ;39 ;1470000 ;29300 ;34000 ;39 ;2317148 ;46343 ;0 ;;;;0 ;
;Japan;BCP;BCP 1000x28;[];1000 ;28 ;1000 ;28 ;;;98 ;;;;;1048 ;524 ;524 ;1610000 ;32300 ;;37700 ;39 ;1610000 ;32300 ;37700 ;39 ;2571324 ;51426 ;0 ;;;;0 ;
;Japan;BCP;BCP 1000x32;[];1000 ;32 ;1000 ;32 ;;;112 ;;;;;1186 ;593 ;593 ;1810000 ;36100 ;;42400 ;39 ;1810000 ;36100 ;42400 ;39 ;2902526 ;58051 ;0 ;;;;0 ;
;Japan;BCP;BCP 1000x36;[];1000 ;36 ;1000 ;36 ;;;126 ;;;;;1321 ;661 ;661 ;1990000 ;39700 ;;46900 ;39 ;1990000 ;39700 ;46900 ;39 ;3225029 ;64501 ;0 ;;;;0 ;
;Japan;BCP;BCP 1000x40;[];1000 ;40 ;1000 ;40 ;;;140 ;;;;;1454 ;727 ;727 ;2160000 ;43100 ;;51200 ;39 ;2160000 ;43100 ;51200 ;39 ;3538944 ;70779 ;0 ;;;;0 ;
;Japan;BCP;BCP 1000x45;[];1000 ;45 ;1000 ;45 ;;;158 ;;;;;1615 ;808 ;808 ;2360000 ;47200 ;;56400 ;38 ;2360000 ;47200 ;56400 ;38 ;3919427 ;78389 ;0 ;;;;0 ;
;Japan;BCP;BCP 1000x50;[];1000 ;50 ;1000 ;50 ;;;175 ;;;;;1771 ;886 ;886 ;2540000 ;50900 ;;61300 ;38 ;2540000 ;50900 ;61300 ;38 ;4286875 ;85738 ;0 ;;;;0 ;
;Japan;BCP;BCP 1050x25;[];1050 ;25 ;1050 ;25 ;;;88 ;;;;;993 ;496 ;496 ;1710000 ;32500 ;;37700 ;42 ;1710000 ;32500 ;37700 ;42 ;2692227 ;51281 ;0 ;;;;0 ;
;Japan;BCP;BCP 1050x28;[];1050 ;28 ;1050 ;28 ;;;98 ;;;;;1104 ;552 ;552 ;1880000 ;35900 ;;41800 ;41 ;1880000 ;35900 ;41800 ;41 ;2988895 ;56931 ;0 ;;;;0 ;
;Japan;BCP;BCP 1050x32;[];1050 ;32 ;1050 ;32 ;;;112 ;;;;;1250 ;625 ;625 ;2110000 ;40100 ;;47000 ;41 ;2110000 ;40100 ;47000 ;41 ;3375929 ;64303 ;0 ;;;;0 ;
;Japan;BCP;BCP 1050x36;[];1050 ;36 ;1050 ;36 ;;;126 ;;;;;1393 ;697 ;697 ;2320000 ;44200 ;;52000 ;41 ;2320000 ;44200 ;52000 ;41 ;3753327 ;71492 ;0 ;;;;0 ;
;Japan;BCP;BCP 1050x40;[];1050 ;40 ;1050 ;40 ;;;140 ;;;;;1534 ;767 ;767 ;2520000 ;48100 ;;56900 ;41 ;2520000 ;48100 ;56900 ;41 ;4121204 ;78499 ;0 ;;;;0 ;
;Japan;BCP;BCP 1050x45;[];1050 ;45 ;1050 ;45 ;;;158 ;;;;;1705 ;853 ;853 ;2760000 ;52600 ;;62700 ;40 ;2760000 ;52600 ;62700 ;40 ;4567838 ;87006 ;0 ;;;;0 ;
;Japan;BCP;BCP 1050x50;[];1050 ;50 ;1050 ;50 ;;;175 ;;;;;1871 ;936 ;936 ;2990000 ;56900 ;;68300 ;40 ;2990000 ;56900 ;68300 ;40 ;5000000 ;95238 ;0 ;;;;0 ;
;Japan;BCP;BCP 1100x25;[];1100 ;25 ;1100 ;25 ;;;88 ;;;;;1043 ;522 ;522 ;1970000 ;35900 ;;41600 ;44 ;1970000 ;35900 ;41600 ;44 ;3105742 ;56468 ;0 ;;;;0 ;
;Japan;BCP;BCP 1100x28;[];1100 ;28 ;1100 ;28 ;;;98 ;;;;;1160 ;580 ;580 ;2180000 ;39600 ;;46100 ;43 ;2180000 ;39600 ;46100 ;43 ;3449391 ;62716 ;0 ;;;;0 ;
;Japan;BCP;BCP 1100x32;[];1100 ;32 ;1100 ;32 ;;;112 ;;;;;1314 ;657 ;657 ;2440000 ;44400 ;;51900 ;43 ;2440000 ;44400 ;51900 ;43 ;3898197 ;70876 ;0 ;;;;0 ;
;Japan;BCP;BCP 1100x36;[];1100 ;36 ;1100 ;36 ;;;126 ;;;;;1465 ;733 ;733 ;2690000 ;48900 ;;57500 ;43 ;2690000 ;48900 ;57500 ;43 ;4336381 ;78843 ;0 ;;;;0 ;
;Japan;BCP;BCP 1100x40;[];1100 ;40 ;1100 ;40 ;;;140 ;;;;;1614 ;807 ;807 ;2930000 ;53300 ;;62900 ;43 ;2930000 ;53300 ;62900 ;43 ;4764064 ;86619 ;0 ;;;;0 ;
;Japan;BCP;BCP 1100x45;[];1100 ;45 ;1100 ;45 ;;;158 ;;;;;1795 ;898 ;898 ;3210000 ;58400 ;;69400 ;42 ;3210000 ;58400 ;69400 ;42 ;5284086 ;96074 ;0 ;;;;0 ;
;Japan;BCP;BCP 1100x50;[];1100 ;50 ;1100 ;50 ;;;175 ;;;;;1971 ;986 ;986 ;3480000 ;63200 ;;75700 ;42 ;3480000 ;63200 ;75700 ;42 ;5788125 ;105239 ;0 ;;;;0 ;
;Japan;BCP;BCP 1150x25;[];1150 ;25 ;1150 ;25 ;;;88 ;;;;;1093 ;547 ;547 ;2270000 ;39400 ;;45600 ;46 ;2270000 ;39400 ;45600 ;46 ;3559570 ;61906 ;0 ;;;;0 ;
;Japan;BCP;BCP 1150x28;[];1150 ;28 ;1150 ;28 ;;;98 ;;;;;1216 ;608 ;608 ;2500000 ;43600 ;;50600 ;45 ;2500000 ;43600 ;50600 ;45 ;3954910 ;68781 ;0 ;;;;0 ;
;Japan;BCP;BCP 1150x32;[];1150 ;32 ;1150 ;32 ;;;112 ;;;;;1378 ;689 ;689 ;2810000 ;48900 ;;57000 ;45 ;2810000 ;48900 ;57000 ;45 ;4471728 ;77769 ;0 ;;;;0 ;
;Japan;BCP;BCP 1150x36;[];1150 ;36 ;1150 ;36 ;;;126 ;;;;;1537 ;769 ;769 ;3100000 ;53900 ;;63200 ;45 ;3100000 ;53900 ;63200 ;45 ;4976890 ;86555 ;0 ;;;;0 ;
;Japan;BCP;BCP 1150x40;[];1150 ;40 ;1150 ;40 ;;;140 ;;;;;1694 ;847 ;847 ;3380000 ;58800 ;;69200 ;45 ;3380000 ;58800 ;69200 ;45 ;5470524 ;95140 ;0 ;;;;0 ;
;Japan;BCP;BCP 1150x45;[];1150 ;45 ;1150 ;45 ;;;158 ;;;;;1885 ;943 ;943 ;3710000 ;64500 ;;76500 ;44 ;3710000 ;64500 ;76500 ;44 ;6071547 ;105592 ;0 ;;;;0 ;
;Japan;BCP;BCP 1150x50;[];1150 ;50 ;1150 ;50 ;;;175 ;;;;;2071 ;1036 ;1036 ;4020000 ;69900 ;;83400 ;44 ;4020000 ;69900 ;83400 ;44 ;6655000 ;115739 ;0 ;;;;0 ;
;Japan;BCP;BCP 1200x25;[];1200 ;25 ;1200 ;25 ;;;88 ;;;;;1143 ;572 ;572 ;2590000 ;43100 ;;49800 ;48 ;2590000 ;43100 ;49800 ;48 ;4055586 ;67593 ;0 ;;;;0 ;
;Japan;BCP;BCP 1200x28;[];1200 ;28 ;1200 ;28 ;;;98 ;;;;;1272 ;636 ;636 ;2860000 ;47700 ;;55300 ;47 ;2860000 ;47700 ;55300 ;47 ;4507553 ;75126 ;0 ;;;;0 ;
;Japan;BCP;BCP 1200x32;[];1200 ;32 ;1200 ;32 ;;;112 ;;;;;1442 ;721 ;721 ;3210000 ;53500 ;;62300 ;47 ;3210000 ;53500 ;62300 ;47 ;5098924 ;84982 ;0 ;;;;0 ;
;Japan;BCP;BCP 1200x36;[];1200 ;36 ;1200 ;36 ;;;126 ;;;;;1609 ;805 ;805 ;3550000 ;59100 ;;69200 ;47 ;3550000 ;59100 ;69200 ;47 ;5677556 ;94626 ;0 ;;;;0 ;
;Japan;BCP;BCP 1200x40;[];1200 ;40 ;1200 ;40 ;;;140 ;;;;;1774 ;887 ;887 ;3870000 ;64500 ;;75800 ;47 ;3870000 ;64500 ;75800 ;47 ;6243584 ;104060 ;0 ;;;;0 ;
;Japan;BCP;BCP 1200x45;[];1200 ;45 ;1200 ;45 ;;;158 ;;;;;1975 ;988 ;988 ;4250000 ;70900 ;;83800 ;46 ;4250000 ;70900 ;83800 ;46 ;6933595 ;115560 ;0 ;;;;0 ;
;Japan;BCP;BCP 1200x50;[];1200 ;50 ;1200 ;50 ;;;175 ;;;;;2171 ;1086 ;1086 ;4620000 ;76900 ;;91500 ;46 ;4620000 ;76900 ;91500 ;46 ;7604375 ;126740 ;0 ;;;;0 ;
;Japan;BCP;BCP 1250x25;[];1250 ;25 ;1250 ;25 ;;;88 ;;;;;1193 ;597 ;597 ;2940000 ;47000 ;;54300 ;50 ;2940000 ;47000 ;54300 ;50 ;4595664 ;73531 ;0 ;;;;0 ;
;Japan;BCP;BCP 1250x28;[];1250 ;28 ;1250 ;28 ;;;98 ;;;;;1328 ;664 ;664 ;3250000 ;52000 ;;60200 ;50 ;3250000 ;52000 ;60200 ;50 ;5109421 ;81751 ;0 ;;;;0 ;
;Japan;BCP;BCP 1250x32;[];1250 ;32 ;1250 ;32 ;;;112 ;;;;;1506 ;753 ;753 ;3650000 ;58400 ;;67900 ;49 ;3650000 ;58400 ;67900 ;49 ;5782183 ;92515 ;0 ;;;;0 ;
;Japan;BCP;BCP 1250x36;[];1250 ;36 ;1250 ;36 ;;;126 ;;;;;1681 ;841 ;841 ;4040000 ;64600 ;;75400 ;49 ;4040000 ;64600 ;75400 ;49 ;6441078 ;103057 ;0 ;;;;0 ;
;Japan;BCP;BCP 1250x40;[];1250 ;40 ;1250 ;40 ;;;140 ;;;;;1854 ;927 ;927 ;4410000 ;70500 ;;82700 ;49 ;4410000 ;70500 ;82700 ;49 ;7086244 ;113380 ;0 ;;;;0 ;
;Japan;BCP;BCP 1250x45;[];1250 ;45 ;1250 ;45 ;;;158 ;;;;;2065 ;1033 ;1033 ;4850000 ;77600 ;;91500 ;49 ;4850000 ;77600 ;91500 ;49 ;7873606 ;125978 ;0 ;;;;0 ;
;Japan;BCP;BCP 1250x50;[];1250 ;50 ;1250 ;50 ;;;175 ;;;;;2271 ;1136 ;1136 ;5270000 ;84300 ;;100000 ;48 ;5270000 ;84300 ;100000 ;48 ;8640000 ;138240 ;0 ;;;;0 ;
;Japan;BCP;BCP 1300x25;[];1300 ;25 ;1300 ;25 ;;;88 ;;;;;1243 ;622 ;622 ;3320000 ;51100 ;;58900 ;52 ;3320000 ;51100 ;58900 ;52 ;5181680 ;79718 ;0 ;;;;0 ;
;Japan;BCP;BCP 1300x28;[];1300 ;28 ;1300 ;28 ;;;98 ;;;;;1384 ;692 ;692 ;3670000 ;56500 ;;65300 ;52 ;3670000 ;56500 ;65300 ;52 ;5762612 ;88656 ;0 ;;;;0 ;
;Japan;BCP;BCP 1300x32;[];1300 ;32 ;1300 ;32 ;;;112 ;;;;;1570 ;785 ;785 ;4130000 ;63500 ;;73800 ;51 ;4130000 ;63500 ;73800 ;51 ;6523907 ;100368 ;0 ;;;;0 ;
;Japan;BCP;BCP 1300x36;[];1300 ;36 ;1300 ;36 ;;;126 ;;;;;1753 ;877 ;877 ;4570000 ;70300 ;;82000 ;51 ;4570000 ;70300 ;82000 ;51 ;7270156 ;111849 ;0 ;;;;0 ;
;Japan;BCP;BCP 1300x40;[];1300 ;40 ;1300 ;40 ;;;140 ;;;;;1934 ;967 ;967 ;4990000 ;76800 ;;89900 ;51 ;4990000 ;76800 ;89900 ;51 ;8001504 ;123100 ;0 ;;;;0 ;
;Japan;BCP;BCP 1300x45;[];1300 ;45 ;1300 ;45 ;;;158 ;;;;;2155 ;1078 ;1078 ;5500000 ;84600 ;;99600 ;51 ;5500000 ;84600 ;99600 ;51 ;8894954 ;136845 ;0 ;;;;0 ;
;Japan;BCP;BCP 1300x50;[];1300 ;50 ;1300 ;50 ;;;175 ;;;;;2371 ;1186 ;1186 ;5980000 ;91900 ;;109000 ;50 ;5980000 ;91900 ;109000 ;50 ;9765625 ;150240 ;0 ;;;;0 ;
;Japan;BCP;BCP 1350x25;[];1350 ;25 ;1350 ;25 ;;;88 ;;;;;1293 ;647 ;647 ;3730000 ;55300 ;;63700 ;54 ;3730000 ;55300 ;63700 ;54 ;5815508 ;86156 ;0 ;;;;0 ;
;Japan;BCP;BCP 1350x28;[];1350 ;28 ;1350 ;28 ;;;98 ;;;;;1440 ;720 ;720 ;4130000 ;61200 ;;70700 ;54 ;4130000 ;61200 ;70700 ;54 ;6469227 ;95840 ;0 ;;;;0 ;
;Japan;BCP;BCP 1350x32;[];1350 ;32 ;1350 ;32 ;;;112 ;;;;;1634 ;817 ;817 ;4650000 ;68800 ;;79800 ;53 ;4650000 ;68800 ;79800 ;53 ;7326494 ;108541 ;0 ;;;;0 ;
;Japan;BCP;BCP 1350x36;[];1350 ;36 ;1350 ;36 ;;;126 ;;;;;1825 ;913 ;913 ;5140000 ;76200 ;;88700 ;53 ;5140000 ;76200 ;88700 ;53 ;8167490 ;121000 ;0 ;;;;0 ;
;Japan;BCP;BCP 1350x40;[];1350 ;40 ;1350 ;40 ;;;140 ;;;;;2014 ;1007 ;1007 ;5620000 ;83300 ;;97400 ;53 ;5620000 ;83300 ;97400 ;53 ;8992364 ;133220 ;0 ;;;;0 ;
;Japan;BCP;BCP 1350x45;[];1350 ;45 ;1350 ;45 ;;;158 ;;;;;2245 ;1123 ;1123 ;6200000 ;91800 ;;108000 ;53 ;6200000 ;91800 ;108000 ;53 ;10001014 ;148163 ;0 ;;;;0 ;
;Japan;BCP;BCP 1350x50;[];1350 ;50 ;1350 ;50 ;;;175 ;;;;;2471 ;1236 ;1236 ;6750000 ;100000 ;;118000 ;52 ;6750000 ;100000 ;118000 ;52 ;10985000 ;162741 ;0 ;;;;0 ;
;Japan;BCP;BCP 1400x25;[];1400 ;25 ;1400 ;25 ;;;88 ;;;;;1343 ;672 ;672 ;4180000 ;59700 ;;68700 ;56 ;4180000 ;59700 ;68700 ;56 ;6499023 ;92843 ;0 ;;;;0 ;
;Japan;BCP;BCP 1400x28;[];1400 ;28 ;1400 ;28 ;;;98 ;;;;;1496 ;748 ;748 ;4620000 ;66100 ;;76200 ;56 ;4620000 ;66100 ;76200 ;56 ;7231366 ;103305 ;0 ;;;;0 ;
;Japan;BCP;BCP 1400x32;[];1400 ;32 ;1400 ;32 ;;;112 ;;;;;1698 ;849 ;849 ;5210000 ;74400 ;;86100 ;55 ;5210000 ;74400 ;86100 ;55 ;8192346 ;117034 ;0 ;;;;0 ;
;Japan;BCP;BCP 1400x36;[];1400 ;36 ;1400 ;36 ;;;126 ;;;;;1897 ;949 ;949 ;5770000 ;82400 ;;95800 ;55 ;5770000 ;82400 ;95800 ;55 ;9135780 ;130511 ;0 ;;;;0 ;
;Japan;BCP;BCP 1400x40;[];1400 ;40 ;1400 ;40 ;;;140 ;;;;;2094 ;1047 ;1047 ;6310000 ;90100 ;;105000 ;55 ;6310000 ;90100 ;105000 ;55 ;10061824 ;143740 ;0 ;;;;0 ;
;Japan;BCP;BCP 1400x45;[];1400 ;45 ;1400 ;45 ;;;158 ;;;;;2335 ;1168 ;1168 ;6960000 ;99400 ;;117000 ;55 ;6960000 ;99400 ;117000 ;55 ;11195162 ;159931 ;0 ;;;;0 ;
;Japan;BCP;BCP 1400x50;[];1400 ;50 ;1400 ;50 ;;;175 ;;;;;2571 ;1286 ;1286 ;7580000 ;108000 ;;128000 ;54 ;7580000 ;108000 ;128000 ;54 ;12301875 ;175741 ;0 ;;;;0 ;